"","Districtcode","Wardcode","Wardname","Population2011Census.x","Crimerate","Openspace","hhSocialRented","JobSeekers","Noqual","Carsperhousehold","LifeExpectancy","Children","Greaterthan65","nonwhite","NotBorninUK","NotEnglishspeaking"
"1"," 00AN","00ANGQ","Hammersmith and Fulham - Town",11201,117.7,0,23.7,3.6,9.4,0.6,79.95,NA,NA,NA,NA,NA
"2"," 00AN","00ANGA","Hammersmith and Fulham - Addison",11518,114,0.3,24.9,4.5,9.3,0.5,83.7,NA,NA,NA,NA,NA
"3"," 00AD","00ADGN","Bexley - Falconwood and Welling",10800,44.2,0.7,1.1,2.9,22.1,1.3,80.5,NA,NA,NA,NA,NA
"4"," 00BE","00BEGH","Southwark - East Dulwich",12321,65.3,0.7,20.3,4.6,12.3,0.7,82.05,17.5229283337391,8.7,28.2,25.9,5.6
"5"," 00BC","00BCFZ","Redbridge - Barkingside",12609,64.3,1.3,4.7,4.2,17.2,1.2,83.35,20.2791656753113,14.8,64.2,40.5,12.8
"6"," 00AG","00AGGD","Camden - Belsize",12702,67.6,1.3,19.6,3.3,8.4,0.6,83.1,17.4460714848055,12,27.8,46.3,14
"7"," 00BG","00BGGL","Tower Hamlets - Spitalfields and Banglatown",10286,213.5,1.4,31.9,11.2,17.2,0.3,93.2,NA,NA,NA,NA,NA
"8"," 00BE","00BEGD","Southwark - Camberwell Green",15032,128.1,1.6,63.5,11.6,19.3,0.4,79.75,21.1881319850985,7.4,61.1,46.8,13.4
"9"," 00BK","00BKGC","Westminster - Bryanston and Dorset Square",11991,255.3,2.1,7.8,3.3,8.2,0.4,87.15,NA,NA,NA,NA,NA
"10"," 00BB","00BBGL","Newham - Forest Gate South",17362,111.2,2.2,26.4,9.8,17.6,0.6,75.9,19.4102061974427,6.5,68.2,54.8,25.5
"11"," 00AH","00AHGE","Croydon - Addiscombe",16883,69.4,2.3,13.7,5.1,15.3,0.7,79.1,18.6815139489427,9.7,43.6,34.5,10.2
"12"," 00BB","00BBGM","Newham - Green Street East",15885,70.4,2.4,12.8,9.5,20.3,0.6,82.45,22.2599937047529,5.7,89.9,62.2,33.2
"13"," 00BJ","00BJGN","Wandsworth - Shaftesbury",14160,84.9,2.4,22.6,2.8,10.9,0.6,82.85,12.7189265536723,7.7,18.8,29,5.7
"14"," 00BJ","00BJGF","Wandsworth - Graveney",15198,105.1,2.6,17.8,5.2,14.7,0.6,80.45,17.8707724700618,8.8,46.4,42.4,14.4
"15"," 00AZ","00AZGG","Lewisham - Catford South",15214,57,3,12.6,6.5,17.3,0.9,79.4,21.4670698041278,11.3,56.2,32.2,7.1
"16"," 00AB","00ABFZ","Barking and Dagenham - Becontree",11545,91.7,3,29.4,10.2,28,0.9,78.15,NA,NA,NA,NA,NA
"17"," 00BK","00BKGF","Westminster - Harrow Road",12034,95.3,3,43.4,10.4,18.4,0.4,84.6,18.8964600299152,8.5,49,48.2,17.9
"18"," 00BE","00BEGU","Southwark - South Bermondsey",13780,107.3,3,52.3,8.7,21.9,0.5,79.15,20.5297532656023,7.2,44.8,41.1,14.6
"19"," 00AF","00AFHA","Bromley - Shortlands",9824,26.6,3.1,6.2,1.7,12.1,1.3,85.45,18.5260586319218,19.7,15.6,16,3.6
"20"," 00AN","00ANGE","Hammersmith and Fulham - Fulham Broadway",10996,111.6,3.1,36.2,4.6,14.8,0.5,77.8,NA,NA,NA,NA,NA
"21"," 00BB","00BBGN","Newham - Green Street West",15113,85.5,3.2,13.5,9.7,21.6,0.7,83.65,21.0150201813009,7.4,89.3,61.1,32.7
"22"," 00BC","00BCGC","Redbridge - Church End",11516,89.3,3.3,8.2,3.7,12.3,1.1,83,18.2354984369573,11.9,26.5,22.1,5.8
"23"," 00AQ","00AQGT","Harrow - Wealdstone",11394,85.8,3.4,15.1,6.4,20.9,1,78.45,23.4246094435668,11,62.6,46.9,18.3
"24"," 00AN","00ANGB","Hammersmith and Fulham - Askew",14160,73.1,3.6,34.8,6.7,13.7,0.5,76.4,NA,NA,NA,NA,NA
"25"," 00AH","00AHGT","Croydon - Purley",14607,81.7,3.8,7.6,4.4,12.9,1.2,81.6,19.4632710344355,15,31.6,23.1,5
"26"," 00BE","00BEGN","Southwark - Newington",14136,97.6,3.8,54.2,7.8,19.4,0.4,80.35,17.282116581777,8.5,48.2,42.5,13.6
"27"," 00BK","00BKGB","Westminster - Bayswater",10300,118.2,3.8,20.4,4.4,7.5,0.4,88.35,11.747572815534,9.7,31.1,56.1,23.9
"28"," 00BK","00BKGW","Westminster - West End",10575,2100.2,3.9,23.5,3.4,9.6,0.4,96.4,7.91489361702128,10.9,32.4,56.8,24.2
"29"," 00BK","00BKGT","Westminster - Warwick",9369,162,4,28.2,4,9.4,0.5,87.9,10.7161916960188,11.3,24,43.9,15.9
"30"," 00AN","00ANGR","Hammersmith and Fulham - Wormholt and White City",13389,79.2,4.2,52.3,10.5,21.5,0.5,82,NA,NA,NA,NA,NA
"31"," 00BH","00BHGD","Waltham Forest - Grove Green",14604,69.1,4.3,9.1,7.1,15.7,0.6,77.6,19.0427280197206,7.1,53.2,53,21.2
"32"," 00BK","00BKGN","Westminster - Queen's Park",12563,98.3,4.4,55.4,13.7,22.6,0.4,80.3,21.7702777998886,9.5,52.6,43.3,15.2
"33"," 00BE","00BEGM","Southwark - Livesey",14129,126.4,4.5,66.9,13.1,23.8,0.4,79.25,23.5685469601529,9.1,62.2,44.3,11.9
"34"," 00BE","00BEGL","Southwark - Grange",15362,140.5,4.5,45,7.6,15.7,0.4,79.5,14.1062361671657,6.5,39.1,38.3,10.8
"35"," 00AH","00AHGH","Croydon - Broad Green",18652,219.7,4.5,27.5,8.3,20.2,0.7,79.55,25.7613124597898,7.1,68.6,46.2,16.9
"36"," 00BC","00BCGB","Redbridge - Chadwell",14257,67.1,4.8,10,6.5,18.5,1,79.85,24.6685838535456,10.3,56.9,31.6,9.9
"37"," 00AP","00APGC","Haringey - Bruce Grove",14483,111.6,4.9,28.2,15.3,22.5,0.5,79.1,22.460816129255,8.4,55.9,55.5,23.5
"38"," 00BH","00BHFX","Waltham Forest - Cann Hall",13799,84.6,5,28.3,10.5,19.2,0.6,79.15,21.689977534604,7.1,57,48.8,18.2
"39"," 00BH","00BHGR","Waltham Forest - William Morris",13269,81,5.3,21.4,9,20.4,0.6,79.1,22.413143416987,8,51.8,43.6,16.9
"40"," 00AG","00AGGQ","Camden - Kentish Town",13417,126.3,5.3,33.3,5.6,13.6,0.4,75.95,15.8008496683312,9.6,28.4,34.2,10.4
"41"," 00BG","00BGGN","Tower Hamlets - Whitechapel",14862,146.5,5.4,32.9,9.3,17.1,0.3,78.4,16.3706096083973,5.6,60.2,48.8,24.8
"42"," 00BE","00BEGF","Southwark - Chaucer",15178,122.6,5.6,43.3,6.4,11.3,0.4,93,14.8240874950586,5.2,49.9,45.2,13.3
"43"," 00BA","00BAGE","Merton - Hillside",8977,52,5.7,9.9,1.2,6.4,0.8,86.35,13.8242174445806,13.7,21.7,41.6,11.3
"44"," 00AG","00AGGJ","Camden - Frognal and Fitzjohns",11986,65.2,5.7,7.1,1.9,6.1,0.8,82.8,NA,NA,NA,NA,NA
"45"," 00AX","00AXGL","Kingston upon Thames - Surbiton Hill",10459,30.3,5.8,7.5,1.7,10.7,1,80.5,16.7033177167989,13.5,19,25,7
"46"," 00AW","00AWGM","Kensington and Chelsea - Queen's Gate",9847,100.2,5.8,4,1.5,3.8,0.6,90.55,NA,NA,NA,NA,NA
"47"," 00BH","00BHGN","Waltham Forest - Leytonstone",12879,109.2,5.8,15.4,7.5,15.1,0.7,80.4,16.4220824598183,7.5,47.6,42.6,15.4
"48"," 00AD","00ADGU","Bexley - St. Michael's",11135,30,5.9,7,3.7,21.8,1.4,85.8,NA,NA,NA,NA,NA
"49"," 00AW","00AWFY","Kensington and Chelsea - Abingdon",10013,97.2,5.9,9.4,2.8,6.3,0.6,85.85,NA,NA,NA,NA,NA
"50"," 00BE","00BEGY","Southwark - The Lane",15565,150.3,6,41.5,9.7,17.5,0.5,79.15,19.8393832316094,9.1,50.7,37.7,8.5
"51"," 00BB","00BBGC","Newham - Boleyn",15982,109.5,6.1,25.8,9.8,22.4,0.6,79,24.9405581278939,7.5,78.1,54.8,26.4
"52"," 00BG","00BGFW","Tower Hamlets - Bethnal Green North",13683,123.6,6.1,46,12.8,22.1,0.4,76.1,18.5558722502375,7,49.4,38.7,15
"53"," 00AJ","00AJGF","Ealing - Ealing Broadway",14029,159.6,6.1,11,3.4,7.3,0.8,82.35,14.5484353838477,11.9,30.5,44.3,18.6
"54"," 00BK","00BKGM","Westminster - Marylebone High Street",10366,376.3,6.1,9.9,1.3,5.8,0.5,84.15,8.52787960640556,11.7,27.8,58.5,21.8
"55"," 00AE","00AEGR","Brent - Kensal Green",14915,141,6.9,26.7,13.3,19.7,0.6,79.9,19.5507877975193,9,52.3,50.2,21.9
"56"," 00AX","00AXGA","Kingston upon Thames - Canbury",12373,48.7,7,12.5,1.9,9,0.9,79.4,21.7004768447426,7.9,21.4,27.5,9.5
"57"," 00BE","00BEGC","Southwark - Brunswick Park",13174,100.1,7,46.6,10.1,15.2,0.5,84.75,19.6599362380446,7.1,53.3,40.6,10.7
"58"," 00BE","00BEGQ","Southwark - Peckham",14720,126.2,7,59.4,14.4,19.6,0.5,76.8,24.2663043478261,6.2,70.8,47.6,12.3
"59"," 00AQ","00AQGH","Harrow - Kenton East",11138,45.6,7.2,14.8,3.7,23.4,1.2,82.05,18.737654875202,12.4,73.4,57.1,24.7
"60"," 00BK","00BKGA","Westminster - Abbey Road",11250,56.8,7.2,9.1,2.4,10,0.7,83.3,17.4577777777778,14,35.4,56.9,20.4
"61"," 00AG","00AGGG","Camden - Cantelowes",11925,110.4,7.4,40.3,6.2,13.9,0.4,79.85,16.1844863731656,9.1,31.9,35.9,12.6
"62"," 00AT","00ATGT","Hounslow - Turnham Green",11448,117.8,7.4,14.7,2.7,9.9,0.8,80.85,14.9807826694619,12.9,23.2,39.9,12.8
"63"," 00AG","00AGGP","Camden - Holborn and Covent Garden",13023,480.3,7.5,42.5,6,12.9,0.3,79.2,NA,NA,NA,NA,NA
"64"," 00BK","00BKGE","Westminster - Church Street",11760,111,7.6,55.8,12.4,28.1,0.3,74.9,23.1632653061224,11.4,61.7,52.7,27.2
"65"," 00AH","00AHGG","Croydon - Bensham Manor",16201,68.8,7.7,11.9,8.5,17.9,0.8,82.6,23.0603049194494,9.8,73.5,45.3,12.9
"66"," 00AQ","00AQGB","Harrow - Greenhill",12420,151.9,7.7,11.4,5.3,11.7,0.8,79.25,16.8276972624799,10.4,58.5,52.7,20.7
"67"," 00BC","00BCGE","Redbridge - Clementswood",14666,183.3,7.7,10.7,9.1,18.6,0.8,78.95,26.6398472657848,7.4,84.2,55.6,25.1
"68"," 00BF","00BFGP","Sutton - Sutton South",9599,43.5,8.1,11.9,3.5,15.7,0.9,79.45,14.8765496405876,17.5,24.4,29.4,9.7
"69"," 00AU","00AUGK","Islington - St. George's",12400,93.2,8.1,38,6.9,16.5,0.5,79.15,NA,NA,NA,NA,NA
"70"," 00AR","00ARGR","Havering - Romford Town",15921,225.4,8.1,13,5,21,0.9,78.7,17.6747691727907,14,16.4,16.6,5.6
"71"," 00AG","00AGGM","Camden - Haverstock",12364,118.8,8.2,49.2,7.7,18.6,0.4,79.05,19.4920737625364,11.1,37.1,36.3,10.7
"72"," 00AQ","00AQGK","Harrow - Marlborough",12259,83.2,8.3,11.1,6.1,17.1,0.9,81.6,20.6949995921364,10.6,62.9,51.6,20.2
"73"," 00AN","00ANGH","Hammersmith and Fulham - Munster",11004,75.5,8.5,18.1,2.8,9.7,0.7,84.9,NA,NA,NA,NA,NA
"74"," 00AW","00AWGG","Kensington and Chelsea - Hans Town",8792,108.6,8.5,16.4,2.2,9.2,0.6,95.2,NA,NA,NA,NA,NA
"75"," 00BK","00BKGJ","Westminster - Lancaster Gate",13195,172.3,8.6,10.5,3.4,7.1,0.4,90.9,11.5953012504737,8.4,33.7,64.6,32.2
"76"," 00AN","00ANGC","Hammersmith and Fulham - Avonmore and Brook Green",12216,81.2,8.8,21.9,4.7,9.3,0.5,81.05,NA,NA,NA,NA,NA
"77"," 00AG","00AGGX","Camden - West Hampstead",12060,97.6,8.8,22.2,4.6,9.5,0.5,80.45,12.5456053067993,8.4,30.5,43.3,13.9
"78"," 00BK","00BKGG","Westminster - Hyde Park",12462,155.4,8.9,9.8,2.9,11.1,0.5,89.6,12.7427379232868,9.9,44.7,64.2,34.1
"79"," 00AE","00AEGQ","Brent - Harlesden",17162,189.6,8.9,44,23.4,24.1,0.5,76.25,25.8652837664608,8,67,52.9,23
"80"," 00AW","00AWGR","Kensington and Chelsea - Stanley",8187,134.7,9.1,13.1,2,7.3,0.7,82,NA,NA,NA,NA,NA
"81"," 00AD","00ADGE","Bexley - Brampton",10546,31.7,9.2,4.4,2.7,22.9,1.3,82.65,17.2482457803907,20.9,13.1,10.4,1.6
"82"," 00AG","00AGGE","Camden - Bloomsbury",10892,438.7,9.2,28.6,4.2,7.8,0.2,79.4,7.13367609254499,10,40.4,51.2,19.5
"83"," 00AW","00AWGK","Kensington and Chelsea - Notting Barns",9537,100.5,9.3,55.8,9.3,19.4,0.5,81.8,NA,NA,NA,NA,NA
"84"," 00AU","00AUGB","Islington - Clerkenwell",11490,195.4,9.3,42.3,5.6,15.1,0.4,81.25,12.236727589208,8.2,29.3,38.5,12.6
"85"," 00AN","00ANGG","Hammersmith and Fulham - Hammersmith Broadway",11923,230.4,9.4,39.9,5.5,15,0.5,77.95,NA,NA,NA,NA,NA
"86"," 00AD","00ADGC","Bexley - Blackfen and Lamorbey",10616,25.8,9.5,3.8,2.1,22.4,1.3,84.4,NA,NA,NA,NA,NA
"87"," 00BJ","00BJGH","Wandsworth - Nightingale",14679,63.7,9.5,13.1,2.7,8.9,0.7,77.25,16.2068260780707,9.5,21.4,27.7,6.7
"88"," 00BF","00BFGT","Sutton - Wallington South",10200,72,9.5,16.4,4.2,18.7,1.1,129.85,18.2058823529412,17.3,21.3,18.5,4.3
"89"," 00AE","00AEGL","Brent - Brondesbury Park",13023,91.6,9.6,21.5,5.3,15.9,0.7,82.5,16.7933655839668,12.1,43.8,47.2,16.2
"90"," 00AU","00AUGL","Islington - St. Mary's",11553,253.8,9.6,41.5,5.1,15.5,0.4,78,NA,NA,NA,NA,NA
"91"," 00AZ","00AZGS","Lewisham - Perry Vale",15618,74.7,9.7,26.5,7.1,16.2,0.7,78.5,20.6876680752977,9.6,42.5,30.5,7.2
"92"," 00AE","00AEGU","Brent - Mapesbury",15529,97.9,9.7,19.2,7.3,14.5,0.6,82.3,16.066713890141,8.3,43.4,52.3,21.3
"93"," 00AN","00ANGP","Hammersmith and Fulham - Shepherd's Bush Green",12175,349.3,9.7,37.9,8.2,13.9,0.4,79.05,NA,NA,NA,NA,NA
"94"," 00AN","00ANGL","Hammersmith and Fulham - Parsons Green and Walham",10813,124,9.8,20.6,3,9.5,0.8,82.45,NA,NA,NA,NA,NA
"95"," 00AW","00AWGE","Kensington and Chelsea - Earl's Court",9104,105.6,10,22.7,5.1,8.4,0.4,87.4,NA,NA,NA,NA,NA
"96"," 00AT","00ATGP","Hounslow - Hounslow West",12658,130.4,10.2,18.9,4.6,16.3,0.9,78.95,17.4435139832517,11.2,75.9,62.6,29.4
"97"," 00AY","00AYGE","Lambeth - Ferndale",15032,172.6,10.2,37.4,6.6,13.3,0.4,78.7,12.5598722724854,6.2,40.4,41.7,11.8
"98"," 00BB","00BBGR","Newham - Plaistow North",15470,74,10.3,41.7,11.3,23.6,0.5,78.75,23.6005171299289,7.1,73.4,52.1,23.6
"99"," 00BF","00BFGJ","Sutton - Nonsuch",10641,50.7,10.4,3.6,1.7,18.6,1.4,84.5,18.5508880744291,17.3,15.3,15.7,3.6
"100"," 00AU","00AUGJ","Islington - Mildmay",12917,88.9,10.4,47,6.8,17.4,0.4,78.95,18.2550127738639,7.8,34.5,33.8,10.6
"101"," 00AU","00AUGM","Islington - St. Peter's",11822,149.9,10.4,40.4,5.9,17.3,0.4,78.4,NA,NA,NA,NA,NA
"102"," 00AU","00AUGE","Islington - Highbury West",15030,86.8,10.5,33.5,6,12.6,0.4,80.2,15.189620758483,6.7,32.1,34.5,12.8
"103"," 00AP","00APGQ","Haringey - Tottenham Green",14580,151.9,10.5,39.2,12.7,22.7,0.4,77.65,20.4183813443073,8.2,52.8,55,25.8
"104"," 00AW","00AWGB","Kensington and Chelsea - Colville",8377,197.2,10.5,45.2,6.4,13.1,0.4,83.2,NA,NA,NA,NA,NA
"105"," 00BC","00BCGS","Redbridge - Snaresbrook",11865,67.8,10.6,11.8,2.8,14.9,1,81.35,15.4150863885377,17.6,30.2,27.2,6.5
"106"," 00AN","00ANGJ","Hammersmith and Fulham - North End",11589,97.7,10.6,28.6,4.7,11.2,0.4,84.45,NA,NA,NA,NA,NA
"107"," 00BH","00BHGJ","Waltham Forest - Hoe Street",13912,110.2,10.6,27,11.5,19,0.6,78.8,21.0753306497987,8.8,49.9,42.8,17.2
"108"," 00AQ","00AQGP","Harrow - Rayners Lane",11124,44.4,10.7,2.2,3.2,13.7,1.3,83.55,20.631067961165,13.9,65.5,48,17.6
"109"," 00AX","00AXFY","Kingston upon Thames - Berrylands",9437,34.1,10.8,17.4,2.4,11.9,1,81.15,16.9227508742185,14.9,18.1,24.1,6.9
"110"," 00AW","00AWFZ","Kensington and Chelsea - Brompton",8839,291.9,10.8,12.3,1.4,6.6,0.6,87.65,NA,NA,NA,NA,NA
"111"," 00BB","00BBGG","Newham - East Ham Central",15917,174.4,10.9,15.7,8.4,19.3,0.6,78.4,22.4539800213608,7.1,81.9,61.4,29.1
"112"," 00AX","00AXGE","Kingston upon Thames - Coombe Vale",9750,36.4,11,6.9,1.8,11.7,1.2,82.75,21.2410256410256,13.3,33.4,33.5,11.1
"113"," 00BJ","00BJGC","Wandsworth - East Putney",15022,49,11,11.3,2.2,7.9,0.7,82.9,13.2738649980029,11,20.6,39.4,9.3
"114"," 00AQ","00AQFY","Harrow - Belmont",11343,56.1,11,3.7,2.8,15.1,1.5,83.8,21.2465837961739,13,58.7,41.6,13.2
"115"," 00AU","00AUFX","Islington - Barnsbury",12201,150.3,11,38.5,5,16.3,0.5,77.25,14.8840258995164,9.4,28.9,35.5,10.9
"116"," 00AT","00ATGL","Hounslow - Hounslow Central",15169,213.4,11.1,16.9,3.9,12.8,0.7,82.75,18.5312149779155,9.5,70.7,64.5,29.5
"117"," 00BJ","00BJGD","Wandsworth - Fairfield",14613,83.7,11.2,15.2,2.4,8.5,0.7,78.75,12.6736467528913,6.7,22.1,32.5,7.1
"118"," 00AH","00AHHA","Croydon - Thornton Heath",16539,95.9,11.2,19.7,11.3,18.7,0.7,79.2,25.0256968377774,9.1,67.1,37.6,9.4
"119"," 00AE","00AEGT","Brent - Kilburn",16989,123.3,11.2,45,13.3,17.1,0.4,80.2,18.6002707634352,8.6,50,48.1,18.4
"120"," 00BB","00BBGU","Newham - Stratford and New Town",17768,185.7,11.2,31.8,7,13.9,0.4,79.1,NA,NA,NA,NA,NA
"121"," 00AE","00AEGN","Brent - Dudden Hill",15059,112.1,11.5,19.9,9.1,19.8,0.8,86.7,20.3997609403015,9.7,55.9,56.2,23.8
"122"," 00AP","00APGK","Haringey - Noel Park",13939,247.3,11.5,38.2,12.1,20.8,0.5,79.75,19.0974962335892,8.5,45.2,51.7,25.4
"123"," 00BG","00BGGB","Tower Hamlets - Bromley-by-Bow",14480,78,11.7,NA,NA,NA,NA,79.65,26.7334254143646,5.8,70.4,43.5,22
"124"," 00BJ","00BJFZ","Wandsworth - Balham",14751,90.3,11.7,10.9,2.4,7.1,0.7,81.85,15.687072062911,7.8,19.4,28.5,6.5
"125"," 00AZ","00AZGP","Lewisham - Lee Green",14573,84.4,11.9,21.2,6.3,14.6,0.7,79.15,19.3096822891649,10.9,33.7,28.9,8.1
"126"," 00AW","00AWGL","Kensington and Chelsea - Pembridge",7659,163.4,11.9,12.7,2.7,6.2,0.5,83.9,NA,NA,NA,NA,NA
"127"," 00BA","00BAGDag","Merton - Graveney",9816,61,12.3,NA,NA,NA,NA,84.25,18.2457212713936,10.9,57.5,54.1,23.1
"128"," 00BB","00BBGH","Newham - East Ham North",13866,79.7,12.3,17.6,8.9,19.9,0.7,74.1,21.8736477715275,7.9,90.8,60.2,31.5
"129"," 00AM","00AMGD","Hackney - Clissold",12212,82.5,12.3,34,5.6,14.3,0.5,80.3,18.7111038322961,6.6,34.7,32,10.6
"130"," 00BG","00BGGE","Tower Hamlets - Mile End and Globe Town",15190,85,12.4,46,8.8,19.5,0.4,81.45,NA,NA,NA,NA,NA
"131"," 00BJ","00BJGG","Wandsworth - Latchmere",15358,85,12.5,47,8.2,17.9,0.4,77.25,18.9608021877849,8.5,44.5,39.7,11.5
"132"," 00BG","00BGGC","Tower Hamlets - East India and Lansbury",14859,107.4,12.5,57.5,19.5,30.7,0.4,78.35,NA,NA,NA,NA,NA
"133"," 00AM","00AMGB","Hackney - Cazenove",13392,63.2,12.8,33.8,9.9,23.5,0.4,80.55,28.3751493428913,5.4,43.3,36.4,16.4
"134"," 00BA","00BAFX","Merton - Abbey",10323,82,12.8,14.1,2,10.1,0.7,80.5,15.7318608931512,8.5,26.6,38.3,12.5
"135"," 00BF","00BFGM","Sutton - Sutton Central",10993,179.9,12.9,22.7,5.6,18.6,0.8,78,18.7573910670427,11.5,24.1,26.9,99.7
"136"," 00AD","00ADGG","Bexley - Colyers",11128,44.6,13.1,29.4,6.7,25.1,1.1,79.2,22.1872753414809,14.5,17.7,12.3,2
"137"," 00AZ","00AZGU","Lewisham - Sydenham",15605,83.7,13.1,34.7,8,18.7,0.7,77.85,20.1666132649792,11.9,41.8,30.2,7.1
"138"," 00AY","00AYGA","Lambeth - Brixton Hill",15842,112.2,13.1,32.2,7.9,13.8,0.5,76.6,15.7050877414468,7,41.5,37.4,11.1
"139"," 00AY","00AYGM","Lambeth - St. Leonard's",14550,129.7,13.2,14,7.3,12.6,0.6,79.25,NA,NA,NA,NA,NA
"140"," 00AY","00AYGC","Lambeth - Clapham Town",13795,179.5,13.2,29.7,5.1,10.9,0.5,78.6,14.5922435665096,7.3,29.3,35.2,7.8
"141"," 00AU","00AUGN","Islington - Tollington",13311,87.4,13.3,41.9,7.8,17.3,0.4,76.6,17.7221846593043,8,35.8,34.5,12.6
"142"," 00AY","00AYGH","Lambeth - Knight's Hill",14763,90.8,13.3,30.6,9.1,15.9,0.6,76.9,23.2473074578338,9,47.7,35.3,11.6
"143"," 00AW","00AWGC","Kensington and Chelsea - Courtfield",8933,99.4,13.3,9.1,2.7,3.8,0.5,87.85,NA,NA,NA,NA,NA
"144"," 00AM","00AMGS","Hackney - Stoke Newington Central",12445,111.6,13.3,32.2,8.3,14.2,0.4,80.4,15.9582161510647,7,39.9,36.6,13
"145"," 00AC","00ACGR","Barnet - West Finchley",16533,76.1,13.4,7.2,3.3,12.2,0.9,80.75,17.5588217504385,12.5,39.2,44.7,19
"146"," 00AG","00AGGR","Camden - Kilburn",12038,135.2,13.4,42.1,8,17.4,0.4,75.45,17.311845821565,11.2,40.1,47.9,18.7
"147"," 00AD","00ADGS","Bexley - Northumberland Heath",10598,41.1,13.5,9.3,3.8,23.3,1.3,80.7,20.6170975655784,15.1,14.5,9.8,1.9
"148"," 00AZ","00AZGF","Lewisham - Brockley",17156,118.9,13.5,30.1,8.4,11.8,0.5,77.55,15.2483096292842,6.5,43.1,36.8,10.5
"149"," 00AG","00AGGU","Camden - St. Pancras and Somers Town",13818,120.8,13.5,61.2,10.8,22.7,0.3,80.4,NA,NA,NA,NA,NA
"150"," 00AG","00AGGS","Camden - King's Cross",11843,164.3,13.5,46.1,7.5,12.1,0.2,79.2,14.506459511948,7.2,49.2,50.9,22.4
"151"," 00AU","00AUFY","Islington - Bunhill",14639,179.7,13.5,47.3,6.5,15.8,0.3,78.8,13.4503722931894,7.9,34.5,41.9,16.6
"152"," 00AZ","00AZGQ","Lewisham - Lewisham Central",17446,185.1,13.6,27.4,8.2,16.1,0.5,74.5,18.3308494783905,8.4,51.6,41.2,12.4
"153"," 00AC","00ACGF","Barnet - Finchley Church End",15715,53.5,13.7,4.9,3.4,12.3,1.2,84.35,18.7527839643653,16.5,33.1,40.9,14.5
"154"," 00AE","00AEGZ","Brent - Queensbury",15155,85,13.7,15.3,4.2,21.4,1.2,85.45,20.0857802705378,12.2,72.9,57.7,24.1
"155"," 00BB","00BBGK","Newham - Forest Gate North",16257,90.8,13.8,28.9,8.7,17.8,0.6,77,21.2708371778311,6.9,64.1,50.5,21
"156"," 00BC","00BCGT","Redbridge - Valentines",14123,146.7,13.8,8.9,8.8,16.6,0.8,81.15,24.0317213056716,8.7,77.6,50.3,21
"157"," 00AD","00ADGD","Bexley - Blendon and Penhill",10910,36.6,13.9,2.6,2.4,21.5,1.4,83.85,NA,NA,NA,NA,NA
"158"," 00AM","00AMGG","Hackney - Hackney Central",12548,136.8,14.1,50.7,11,18.4,0.3,77.65,17.5964297099139,7.7,52.7,40.5,12.8
"159"," 00AJ","00AJGY","Ealing - Southall Broadway",13439,147.1,14.1,16.4,8.5,23.8,0.9,81.8,21.1846119502939,10.5,93.7,64.1,36
"160"," 00AP","00APGD","Haringey - Crouch End",12395,80.9,14.2,10.2,3.4,6.4,0.7,80.2,15.8612343686971,8.9,18,29.2,7.6
"161"," 00AY","00AYGP","Lambeth - Streatham Hill",14263,81.5,14.2,24.9,6.5,13.5,0.6,78.15,18.3201290051181,8.4,37.9,37.8,12.4
"162"," 00AM","00AMGF","Hackney - De Beauvoir",13643,100.9,14.2,39.9,9.4,15.6,0.4,79.6,16.1034962984681,7,39.9,37.8,11.7
"163"," 00AJ","00AJHA","Ealing - Southfield",13474,72.4,14.3,9.8,3.1,9,0.8,83.7,17.3074068576518,10,20.8,36.2,10.7
"164"," 00AQ","00AQGG","Harrow - Headstone South",11135,40.5,14.4,7.2,3.7,13.1,1.1,84.75,20.3682083520431,12,56.5,44.2,15.9
"165"," 00AU","00AUGA","Islington - Canonbury",12072,103.9,14.4,47.2,6.8,19.2,0.4,79.4,17.3376408217363,9.7,28.2,29.7,9.1
"166"," 00AY","00AYGD","Lambeth - Coldharbour",16784,194.9,14.4,59.1,15,17.6,0.4,76.55,21.5622020972355,6.1,62.1,43.7,13.3
"167"," 00AP","00APGH","Haringey - Hornsey",12659,66.1,14.5,29.5,8.6,13.8,0.6,78.95,18.1293941069595,8.2,31,32.2,10.5
"168"," 00AG","00AGGW","Camden - Swiss Cottage",12900,87,14.5,16.5,2.9,9,0.6,83.3,16.4883720930233,11.6,32.4,51.2,17.8
"169"," 00BA","00BAFZ","Merton - Colliers Wood",10712,92.8,14.5,12.6,3.5,13.3,0.7,80.45,14.1896938013443,8.1,40.1,47.2,16.3
"170"," 00BB","00BBGS","Newham - Plaistow South",16404,125.3,14.5,25.1,10.5,21.8,0.6,79.4,25.1097293343087,6.6,67.3,51.7,21.9
"171"," 00AC","00ACGH","Barnet - Golders Green",18818,83.3,14.6,13.3,4.5,16.4,1,81.25,27.1867361037305,12,34.2,45.8,17.5
"172"," 00AQ","00AQGA","Harrow - Edgware",11653,63.9,15,10.3,4.3,22.5,1.1,81.75,20.2866214708659,11.4,65.3,56.5,24.8
"173"," 00BG","00BGGM","Tower Hamlets - Weavers",13206,195.8,15,43.4,11.7,20.6,0.3,80.55,17.3406027563229,7,47.9,41.2,16.7
"174"," 00AC","00ACFZ","Barnet - Childs Hill",20049,107.1,15.1,12.5,6.2,13.7,0.8,79.7,19.1730260860891,12.4,38.9,51.2,23
"175"," 00BA","00BAGB","Merton - Dundonald",9275,79,15.2,3.7,1.4,7.8,0.8,85.05,16.4851752021563,9.8,18.1,35.6,7.3
"176"," 00AG","00AGGF","Camden - Camden Town with Primrose Hill",12613,411.2,15.2,30.5,5.4,11.7,0.5,82,15.373027828431,11.3,26.4,38.8,12.1
"177"," 00AC","00ACGN","Barnet - Oakleigh",15811,59.6,15.3,7.3,3.7,14.7,1.3,81.6,19.1006261463538,16.4,26.7,28.5,8.6
"178"," 00AK","00AKGL","Enfield - Bowes",14051,61.8,15.3,10.7,6.8,16.7,0.8,81.15,17.2443242473845,10.6,38.6,47.5,23.3
"179"," 00AW","00AWGJ","Kensington and Chelsea - Norland",8675,91,15.3,38.5,5.4,14.2,0.6,87.8,NA,NA,NA,NA,NA
"180"," 00BE","00BEGE","Southwark - Cathedrals",14941,208.6,15.3,42.8,7.1,12.7,0.4,84.15,10.6887089217589,7.4,38.4,40,10.4
"181"," 00AQ","00AQGQ","Harrow - Roxbourne",12828,53.5,15.4,25.4,5.7,19.2,1,79.75,24.4543186778921,9.8,66.3,48.4,20.9
"182"," 00AK","00AKGZ","Enfield - Palmers Green",15162,80.2,15.4,9,5.7,20.6,1,81.1,18.8431605329112,13.3,35.4,41.4,18.1
"183"," 00AL","00ALGQ","Greenwich - Blackheath Westcombe",12875,76.4,15.5,22.4,3.4,12.1,0.8,81.6,16.2796116504854,15,16.9,23,5.2
"184"," 00BK","00BKGK","Westminster - Little Venice",10633,101.8,15.5,18.5,3.7,11.5,0.6,86.35,17.201166180758,9.8,35.6,52.6,19.9
"185"," 00AM","00AMGQ","Hackney - Queensbridge",13670,149.1,15.6,50.1,12.2,18.8,0.4,79.25,17.542062911485,8.2,44.7,38.3,11.8
"186"," 00BA","00BAGP","Merton - Trinity",9798,117,15.7,11.9,2.8,9.2,0.8,82.25,16.9320269442743,8.2,22.2,36.1,9.8
"187"," 00AT","00ATGH","Hounslow - Heston Central",12288,78.6,15.8,19.5,4.6,17.3,1.1,80.2,20.8414713541667,10.9,76.6,54.7,23.9
"188"," 00AG","00AGGK","Camden - Gospel Oak",11264,79.1,15.9,NA,NA,NA,NA,78.7,19.6022727272727,12.2,30.1,34.9,10.4
"189"," 00AU","00AUGC","Islington - Finsbury Park",14358,182.9,15.9,43.4,9.6,20.6,0.3,76.5,18.4148210057111,8.5,42.9,41.6,17.5
"190"," 00AH","00AHGY","Croydon - Shirley",14296,39.6,16,18.5,4.7,19.1,1.2,84.2,20.6281477336318,16.7,30.9,19.7,3.9
"191"," 00AK","00AKHE","Enfield - Town",14906,54.5,16,6.1,3.8,17.4,1.2,81.85,20.1730846638937,14.9,18,17.1,4.4
"192"," 00AB","00ABGM","Barking and Dagenham - Valence",9867,88.6,16,37.4,9.5,32.1,0.8,75.3,NA,NA,NA,NA,NA
"193"," 00AH","00AHGS","Croydon - Norbury",16476,77.4,16.1,13.8,6.6,16.2,1,82.15,21.0184510803593,13.4,62.3,43.6,13
"194"," 00AF","00AFGK","Bromley - Clock House",15560,51.4,16.3,12.6,3.7,15.2,1,81.75,19.7879177377892,11.5,20.6,17.3,3.9
"195"," 00AJ","00AJGZ","Ealing - Southall Green",14579,102.7,16.3,13.6,10.9,23.6,0.9,81.5,22.3266341998765,8.2,91.4,63.3,36.7
"196"," 00AN","00ANGM","Hammersmith and Fulham - Ravenscourt Park",10785,107.6,16.3,23.2,3.4,9.9,0.6,82.25,NA,NA,NA,NA,NA
"197"," 00AE","00AEHA","Brent - Stonebridge",16903,119.9,16.3,62.3,13.7,25.9,0.6,81.5,28.1902620836538,8.7,76.5,48.8,17.2
"198"," 00AC","00ACGK","Barnet - Hendon",18472,81.9,16.4,12.1,4.7,13.5,1,82.7,20.0844521437852,11.9,36.3,48.2,20.3
"199"," 00AB","00ABGP","Barking and Dagenham - Whalebone",10575,90.7,16.4,12.3,6.9,24,1,82.55,NA,NA,NA,NA,NA
"200"," 00AU","00AUFZ","Islington - Caledonian",13896,116.7,16.4,44.7,6.3,21,0.4,78.7,15.2489925158319,9,34.7,37.3,14.4
"201"," 00AY","00AYGU","Lambeth - Tulse Hill",15771,95.8,16.6,43.2,11,14.7,0.5,79.4,21.0259336757339,6.6,52.6,38.6,11.3
"202"," 00AU","00AUGH","Islington - Junction",12025,99.9,16.6,43.3,6.9,16.8,0.4,80.15,15.3929313929314,10.7,30.6,34.7,11.5
"203"," 00AZ","00AZGR","Lewisham - New Cross",15756,144.9,16.6,40.5,10,17.9,0.5,75.95,20.1891342980452,5.9,59.7,46.6,15.3
"204"," 00AR","00ARGU","Havering - Squirrel's Heath",13194,52.7,16.7,8.8,3.9,20,1.3,85.55,17.7656510535092,16.3,11.5,9.4,1.3
"205"," 00BJ","00BJGB","Wandsworth - Earlsfield",15448,68,16.7,21.7,3.1,11.9,0.7,80.15,14.9598653547385,6.7,27.7,33.4,8.2
"206"," 00BC","00BCGM","Redbridge - Mayfield",13672,80.2,16.8,7.6,7,20.5,1.2,80.5,24.2612638970158,11.6,73.3,41.1,13.5
"207"," 00AY","00AYGW","Lambeth - Vassall",14143,100.4,16.8,53.2,11,16,0.4,78.2,18.0159796365693,7.2,52.7,40,12.1
"208"," 00AU","00AUGG","Islington - Holloway",14983,79.4,16.9,46.5,6.2,18.8,0.4,76.95,15.5776546752987,8.2,36.1,39.6,14.9
"209"," 00BG","00BGFX","Tower Hamlets - Bethnal Green South",14166,128.5,16.9,44.9,10.9,21.4,0.3,82.2,19.709162784131,5.3,64.3,45.5,23.1
"210"," 00AE","00AEGS","Brent - Kenton",12133,59.7,17,5.6,2.6,17.3,1.4,84.95,16.7229868952444,17.2,70,53.9,19.6
"211"," 00BJ","00BJGP","Wandsworth - Southfields",16256,72.3,17,14.7,2.8,10.1,0.7,84.35,18.503937007874,7.7,24.4,34.8,9
"212"," 00AH","00AHGK","Croydon - Coulsdon West",13449,41.2,17.1,4.6,2.7,15.1,1.5,81.4,20.1055840582943,15.3,25.2,16.9,2.4
"213"," 00AF","00AFGL","Bromley - Copers Cope",15392,69.5,17.1,9.2,3.1,12.1,1,79.9,13.1691787941788,16.8,17.4,20.3,4.6
"214"," 00AB","00ABGE","Barking and Dagenham - Goresbrook",11267,82.9,17.1,37.3,9.6,30,0.8,80.35,NA,NA,NA,NA,NA
"215"," 00AM","00AMGE","Hackney - Dalston",14727,198,17.1,38.9,12,15.9,0.4,80.35,16.4595640660012,6.2,44.5,40.8,14
"216"," 00AD","00ADGF","Bexley - Christchurch",10965,110.8,17.3,3.9,3.3,21,1.2,79.35,18.1030551755586,18.3,13.4,11.5,2.3
"217"," 00AB","00ABGJ","Barking and Dagenham - Parsloes",9839,79.2,17.5,36.4,9.5,31.8,0.8,79.3,NA,NA,NA,NA,NA
"218"," 00AH","00AHGZ","Croydon - South Norwood",16518,100.5,17.5,20.7,9.6,15.9,0.7,80,21.2979779634338,9.9,52.3,32.1,8.2
"219"," 00AJ","00AJGX","Ealing - South Acton",14873,106.8,17.5,33.9,7.3,16.2,0.7,78.1,20.4531701741411,11.1,43.5,50.5,23.4
"220"," 00AH","00AHGM","Croydon - Fairfield",16569,261.1,17.5,15.5,4.2,12.3,0.6,80.05,17.5870601726115,11.7,48.7,42.3,13.7
"221"," 00AK","00AKHG","Enfield - Upper Edmonton",17374,125.1,17.6,29.8,11.7,28.3,0.8,76.05,25.8432139979279,9.2,58,48.4,22.7
"222"," 00BH","00BHGQ","Waltham Forest - Valley",11444,145.1,17.6,17.9,8.1,26.1,1.1,79.2,21.1464522894093,13.4,38.4,25.6,7.9
"223"," 00AS","00ASGK","Hillingdon - Cavendish",11658,43.1,17.7,7.3,2.4,17.2,1.4,82.3,20.6210327671985,15.7,19.7,16.7,3.7
"224"," 00AE","00AEGJ","Brent - Alperton",14017,103.1,17.7,12.1,4.5,22.1,0.9,81.85,19.0054933295284,9.5,81.8,66.8,32.3
"225"," 00AH","00AHHD","Croydon - West Thornton",17489,112.2,17.7,15.7,7.9,17.9,0.8,80.05,25.050031448339,9.5,76.5,46.5,15.1
"226"," 00AT","00ATGN","Hounslow - Hounslow South",11409,54.8,17.9,5.1,2.9,15.7,1.3,86.15,19.3110098176718,12.5,45.1,38.7,13.2
"227"," 00AQ","00AQGJ","Harrow - Kenton West",11173,57.1,17.9,3,3,17.9,1.4,84.3,17.9092455025508,14.3,72.6,51.3,20.4
"228"," 00AS","00ASGS","Hillingdon - Manor",11442,56,18,4.1,2,17,1.3,81.55,20.2412165705296,15.7,16,16.2,3.6
"229"," 00BF","00BFGR","Sutton - The Wrythe",10163,56.2,18,14.7,4.1,22.2,1.1,80.7,NA,NA,NA,NA,NA
"230"," 00AG","00AGGH","Camden - Fortune Green",11740,80.4,18,16.7,5,9.2,0.6,82.75,15.0425894378194,9.7,29,43.4,16.1
"231"," 00AF","00AFGG","Bromley - Bromley Town",16826,155.7,18,10,3.3,13.1,1,79.55,19.3510043979555,13.9,18.5,19.9,4.9
"232"," 00AB","00ABGC","Barking and Dagenham - Eastbury",11624,87.6,18.1,37.4,10.2,28.9,0.8,82.55,NA,NA,NA,NA,NA
"233"," 00AU","00AUGF","Islington - Hillrise",11794,69.3,18.3,45.3,7.6,17.9,0.5,77.75,19.2470747837884,9,33.7,32.9,10.4
"234"," 00AY","00AYGR","Lambeth - Streatham Wells",14906,81.4,18.3,20.8,6.2,13.9,0.6,76.55,19.3277874681336,8.3,43.1,41.2,14.2
"235"," 00AH","00AHGW","Croydon - Selhurst",18087,140.2,18.3,27.1,9.9,18.9,0.6,76.4,24.5535467462819,8.7,65.6,40.1,11.5
"236"," 00AQ","00AQGR","Harrow - Roxeth",11663,64.1,18.4,9.5,5.2,17.3,1.2,82.1,22.8414644602589,11,66.3,48.4,19.8
"237"," 00BH","00BHGB","Waltham Forest - Endlebury",10730,55,18.5,14.7,4.8,23.5,1.3,82.4,18.6113699906803,16.9,22.4,17.5,3.8
"238"," 00BJ","00BJGE","Wandsworth - Furzedown",15504,54,18.8,16.8,6.5,15.5,0.7,79.3,22.0459236326109,9.8,43.1,36.7,12.9
"239"," 00AR","00ARGS","Havering - St. Andrew's",13334,82,18.8,11.3,3.7,26.2,1.2,78.1,NA,NA,NA,NA,NA
"240"," 00BA","00BAGJ","Merton - Merton Park",9485,69.5,18.9,3.9,2.5,11.5,1,86.5,19.5044807590933,14.6,29.2,35.5,10.1
"241"," 00BF","00BFGE","Sutton - Belmont",10048,30.5,19,10,3,13.7,1.2,80.35,17.7945859872611,16.4,22.2,22.1,4.8
"242"," 00BA","00BAGF","Merton - Lavender Fields",10273,68,19,20.4,5.7,18.1,0.8,80.85,20.3056556020637,7.3,46.8,46.1,19.6
"243"," 00AH","00AHGL","Croydon - Croham",15790,73.3,19.1,8.3,4.4,12,1,81.1,18.2457251424953,12,31.3,24.3,6.5
"244"," 00AE","00AEGX","Brent - Preston",15474,86.3,19.1,12.6,4.9,17.5,1,83.15,20.4278143983456,12.4,70,57.3,22.8
"245"," 00AE","00AEGY","Brent - Queens Park",15281,115,19.1,19.9,6.9,13.3,0.7,84.15,17.983116288201,8.6,37,41.9,14.4
"246"," 00AM","00AMGJ","Hackney - Haggerston",13904,382.1,19.1,44.1,10.4,16.1,0.3,78.95,15.9882048331415,5.7,45.6,45.9,17.4
"247"," 00BK","00BKGU","Westminster - Westbourne",12759,99,19.2,48.5,10,22.4,0.4,75.9,21.8198918410534,9.5,52.8,51.5,24.1
"248"," 00AC","00ACGT","Barnet - Woodhouse",17575,92.8,19.3,11.5,4.5,15.7,1,79.85,18.7482219061166,13.6,37.6,41,16.2
"249"," 00AJ","00AJGP","Ealing - Lady Margaret",13897,64.1,19.4,7.3,6.1,19.8,1.3,80.05,20.1986040152551,11,83.5,55.9,25.2
"250"," 00AH","00AHHB","Croydon - Upper Norwood",16082,85.7,19.5,20.6,7.7,16.6,0.9,80.45,20.9924138788708,11,51.3,33.9,9
"251"," 00AJ","00AJGH","Ealing - East Acton",18706,144.3,19.6,22.1,7.8,15,0.7,82.85,19.2505078584411,8.2,50.1,54.4,22.4
"252"," 00AB","00ABFX","Barking and Dagenham - Abbey",12786,172.5,19.6,26.7,8.7,16.4,0.5,85.05,NA,NA,NA,NA,NA
"253"," 00AQ","00AQGU","Harrow - West Harrow",10373,45.4,19.7,9.6,3.7,13.4,1.1,82,20.3027089559433,13,55.8,42.9,14.4
"254"," 00AY","00AYGT","Lambeth - Thurlow Park",13641,103.6,19.7,27.1,5.9,12.7,0.7,80.4,21.0615057547101,8.8,36.3,30.3,8.7
"255"," 00AE","00AEHC","Brent - Tokyngton",15105,132.9,19.7,12,4.7,19.4,0.9,83.55,18.417742469381,11.3,76.3,62.9,26.6
"256"," 00BF","00BFGS","Sutton - Wallington North",10650,60,19.9,12.9,3.3,16.4,1.1,80.1,19.9154929577465,12.5,19.6,16.6,4.4
"257"," 00BC","00BCGD","Redbridge - Clayhall",13241,66.7,19.9,4.9,3.6,17,1.4,84.7,21.9016690582282,14.3,71,38.8,10.9
"258"," 00AL","00ALGS","Greenwich - Coldharbour and New Eltham",13062,60,20,23.5,4.9,25.4,1.1,81.3,NA,NA,NA,NA,NA
"259"," 00BE","00BEGW","Southwark - South Camberwell",12629,72.6,20,37.9,6.8,12.4,0.6,80.5,19.6848523240162,7.1,44.1,35.8,7.7
"260"," 00AP","00APGM","Haringey - St. Ann's",14638,91.5,20,23.6,11.3,20.4,0.5,77.7,NA,NA,NA,NA,NA
"261"," 00AY","00AYGJ","Lambeth - Larkhall",17243,113.7,20,41.4,7.3,13.9,0.4,76.6,16.6560343327727,6.2,43.3,42.2,13
"262"," 00BE","00BEGP","Southwark - Nunhead",13620,98.5,20.1,47.4,11.3,21.1,0.5,74.25,19.6182085168869,8.9,55.5,39,9.1
"263"," 00AJ","00AJHB","Ealing - Walpole",13330,100.1,20.1,12,3.6,10.2,0.8,82.25,17.9594898724681,10.5,27.1,38,14.1
"264"," 00AE","00AEHE","Brent - Wembley Central",14727,156.3,20.1,15.6,6,20.7,0.8,82.5,18.2114483601548,9.7,86,68.5,32.9
"265"," 00AC","00ACFY","Barnet - Burnt Oak",18217,67.8,20.2,35.5,6.9,23.6,0.8,78.4,24.5814349234232,9.3,53.5,47.1,19.3
"266"," 00AB","00ABGD","Barking and Dagenham - Gascoigne",12452,135.2,20.3,54,12.2,25.5,0.5,78.5,NA,NA,NA,NA,NA
"267"," 00BJ","00BJGU","Wandsworth - West Putney",14742,51.6,20.5,22.9,3.8,14.5,0.8,77.75,17.7994844661511,13.3,22.9,34.4,9.5
"268"," 00AM","00AMGC","Hackney - Chatham",13232,134.3,20.5,51,14.1,21.1,0.4,76.95,21.9543530834341,6.9,54.4,41.3,14.4
"269"," 00AK","00AKHD","Enfield - Southgate Green",13787,65.9,20.6,12,4.3,16.3,1.1,81.7,18.1112642344237,15.3,33.2,36.2,14
"270"," 00AZ","00AZGH","Lewisham - Crofton Park",14937,70.7,20.7,16.8,5.9,15.3,0.7,82.45,19.5353819374707,9.1,39.6,30.1,7
"271"," 00AY","00AYGL","Lambeth - Prince's",14262,142.1,20.7,47.1,8.9,16.3,0.4,78,16.8980507642687,9.3,43.4,38.5,12.4
"272"," 00AC","00ACGA","Barnet - Colindale",17098,68.8,20.8,34.3,4.8,18,0.8,80.5,22.2306702538309,8.4,59.9,52.7,23.2
"273"," 00AB","00ABGK","Barking and Dagenham - River",10923,92.8,20.8,25.7,8.6,29.9,0.8,75.55,NA,NA,NA,NA,NA
"274"," 00AN","00ANGF","Hammersmith and Fulham - Fulham Reach",11306,98.4,20.9,31.9,3.8,11.7,0.5,87.35,NA,NA,NA,NA,NA
"275"," 00AM","00AMGT","Hackney - Victoria",13231,109.7,20.9,52.3,12.5,19.5,0.4,83.1,20.6409190537374,7.4,44.2,34,10.4
"276"," 00BG","00BGGH","Tower Hamlets - St. Dunstan's and Stepney Green",16238,99.2,21.2,54,11.7,26.9,0.4,74.45,NA,NA,NA,NA,NA
"277"," 00BD","00BDGP","Richmond upon Thames - Whitton",9752,57,21.3,9.8,2.8,17,1.2,82.75,19.3396226415094,16.3,21.5,23.3,6.7
"278"," 00BC","00BCGP","Redbridge - Newbury",16760,73.4,21.4,10,6.5,17.4,1.1,81.3,25.4474940334129,9.1,77.2,47.5,17.6
"279"," 00BF","00BFGL","Sutton - Stonecot",10712,52.6,21.5,3.7,2.8,20.5,1.4,81.95,20.5843913368185,14.5,20.9,18.1,5.2
"280"," 00AX","00AXGH","Kingston upon Thames - Old Malden",9431,34,21.6,9.1,2.3,15.7,1.4,84.15,19.8706393807656,15.7,30.8,27.3,8.4
"281"," 00AZ","00AZGM","Lewisham - Grove Park",14648,69.9,21.6,26.7,7.1,22.5,0.9,79.7,20.8287820862916,12.6,37.5,26.9,7
"282"," 00AU","00AUGD","Islington - Highbury East",11634,96.6,21.6,31.1,4.7,13.4,0.5,78.6,17.0190820010315,9.7,23.5,30.9,9.3
"283"," 00BB","00BBGD","Newham - Canning Town North",14810,125.7,21.7,49.3,14.4,25.7,0.5,75.25,22.9574611748818,7.7,59.2,47.9,18.6
"284"," 00AW","00AWGQ","Kensington and Chelsea - St. Charles",9343,85.1,21.9,58.7,9.4,21.5,0.5,80.6,NA,NA,NA,NA,NA
"285"," 00AF","00AFGD","Bromley - Bickley",15098,45.3,22.1,7,2.4,14.5,1.4,79.9,19.2210888859452,19.8,14.5,15.7,2.7
"286"," 00AQ","00AQGM","Harrow - Pinner South",10411,0.9,22.2,6.7,1.9,11.4,1.4,87.9,21.1603112092979,17.1,40.6,29.4,6.8
"287"," 00AH","00AHGF","Croydon - Ashburton",14721,62.7,22.2,21.5,5.4,19.5,1.1,80.4,21.7784117926771,13.2,36.7,22.3,4.8
"288"," 00AZ","00AZGL","Lewisham - Forest Hill",14854,78.2,22.2,26.4,7.6,13.9,0.7,78.45,21.1188905345362,10,38.2,31.1,8.2
"289"," 00AJ","00AJGG","Ealing - Ealing Common",14019,91.3,22.2,14.6,4.8,10.8,0.9,81.65,15.2221984449675,11.3,31.5,43.1,15.4
"290"," 00BK","00BKGD","Westminster - Churchill",9618,107.2,22.2,49.8,6.8,19.1,0.4,78.25,20.1289249324184,12.8,39.4,44.4,17.4
"291"," 00BF","00BFGW","Sutton - Worcester Park",11655,42.3,22.3,6.4,2.4,17.2,1.2,82.4,20.7893607893608,13.4,20,21.5,6.1
"292"," 00AY","00AYGS","Lambeth - Thornton",12526,59.9,22.4,39.1,5.9,14.2,0.6,82.1,20.6610250678589,7.9,40.5,37,10.1
"293"," 00AB","00ABFY","Barking and Dagenham - Alibon",10385,93.2,22.4,36.8,10.2,31.2,0.8,78.6,NA,NA,NA,NA,NA
"294"," 00AT","00ATGQ","Hounslow - Isleworth",11977,83.3,22.6,34.1,4.9,19.9,0.9,78.9,21.3242047257243,9.8,34.8,33.8,11.7
"295"," 00BH","00BHFY","Waltham Forest - Cathall",12700,84.2,22.6,38.5,13.2,19.3,0.5,78.25,21.3622047244094,6.8,61,50.1,20
"296"," 00AJ","00AJGL","Ealing - Greenford Green",14349,87,22.6,9.7,4.8,17.8,1.1,81.5,20.9631333193951,11.9,49,50.1,21.9
"297"," 00AZ","00AZGK","Lewisham - Evelyn",16603,95.7,22.6,57.3,10.2,19.1,0.4,80.35,23.2006263928206,6,60.9,44.8,16
"298"," 00AX","00AXGN","Kingston upon Thames - Tudor",9578,42.7,22.7,7.5,1.9,10.1,1.2,84.45,22.9379828774274,13.6,17.6,23.9,6.1
"299"," 00AH","00AHGN","Croydon - Fieldway",11479,64.7,22.8,60.6,11,34.4,0.8,77,31.1089816186079,10.1,34.4,19.3,4.1
"300"," 00AM","00AMGM","Hackney - Leabridge",14039,84.4,23,32,11.4,18.5,0.5,75.9,21.091245815229,7,52.7,40.7,17.3
"301"," 00BA","00BAGC","Merton - Figge's Marsh",11240,99,23,27.3,9.1,21,0.8,78.05,23.1138790035587,9.3,57.4,44.9,16.3
"302"," 00AP","00APGL","Haringey - Northumberland Park",14429,124.1,23,48.6,20.8,29.2,0.5,78.9,NA,NA,NA,NA,NA
"303"," 00BF","00BFGQ","Sutton - Sutton West",10536,39.9,23.1,3.9,2.5,13.5,1.1,80.8,18.0713743356112,13.9,23,25.1,7.8
"304"," 00BE","00BEGS","Southwark - Riverside",14390,147.9,23.2,34.3,4.7,13.5,0.5,79.4,12.4461431549687,6.4,31.2,40.5,12.7
"305"," 00AQ","00AQGN","Harrow - Queensbury",11984,55.4,23.3,3.9,3.2,20.8,1.2,81.45,21.1949265687583,11.6,75,57.5,26.2
"306"," 00BG","00BGGD","Tower Hamlets - Limehouse",15986,84.2,23.4,41.2,11.7,21.9,0.5,78.15,22.2757412736144,6.2,56.8,43.8,19.7
"307"," 00AP","00APGN","Haringey - Seven Sisters",15968,95.2,23.4,31.8,10.3,24.4,0.5,83.45,27.0415831663327,7.3,41.2,49.1,22.5
"308"," 00BD","00BDGH","Richmond upon Thames - St. Margarets & North Twickenham",11172,55.1,23.5,4,1.6,6.6,1.1,89.3,NA,NA,NA,NA,NA
"309"," 00BB","00BBGJ","Newham - East Ham South",15575,92,23.5,31.1,10.4,24.3,0.7,77.55,27.8523274478331,7.4,67.7,46.6,19.7
"310"," 00AX","00AXGF","Kingston upon Thames - Grove",10955,366.4,23.6,13.2,2.2,8.5,0.8,83.25,12.8617069831127,9.4,23.2,31.4,11.2
"311"," 00AX","00AXGK","Kingston upon Thames - St. Mark's",10483,63.1,23.9,6.7,2.9,6.7,0.9,81.35,NA,NA,NA,NA,NA
"312"," 00AR","00ARGH","Havering - Hacton",12262,32.8,24.1,4.4,3.1,25.3,1.3,82.9,16.5878323275159,19.7,7.3,7.3,1.7
"313"," 00AZ","00AZGT","Lewisham - Rushey Green",14916,140.6,24.1,26.9,9.2,18,0.6,77.65,22.0367390721373,9,59.1,38,10.2
"314"," 00BE","00BEGJ","Southwark - East Walworth",11557,166.9,24.1,53.9,7.4,20.8,0.4,78.2,18.4996106255949,8.3,51.8,43.8,13.7
"315"," 00BG","00BGGK","Tower Hamlets - Shadwell",15110,77.9,24.2,42.7,14.8,21.3,0.4,88.1,22.3891462607545,6.3,64.4,45.1,23.2
"316"," 00AC","00ACGG","Barnet - Garden Suburb",15929,82.1,24.2,4.9,2,8.2,7.2,85,20.3653713353004,16.3,21.4,36,10.9
"317"," 00AF","00AFGN","Bromley - Cray Valley West",16769,84.7,24.2,33.5,7.1,28.5,1.1,79.6,23.6269306458346,14.9,13.9,10.9,2.5
"318"," 00AJ","00AJGC","Ealing - Acton Central",15427,100.9,24.2,23.3,6.6,14.3,0.7,86,19.66033577494,9.6,40,48.3,21
"319"," 00BA","00BAGM","Merton - Raynes Park",9738,48.3,24.4,10.7,1.8,9.7,1,81.9,19.172314643664,13.7,19.8,33.4,8.7
"320"," 00AF","00AFGY","Bromley - Petts Wood and Knoll",13651,37.6,24.6,2.7,2.1,15.2,1.4,86.35,NA,NA,NA,NA,NA
"321"," 00AL","00ALGT","Greenwich - Eltham North",12519,59.9,24.6,17,4.1,20,1.1,81.95,18.6117102004952,16.6,11.3,13.9,3.4
"322"," 00AP","00APGP","Haringey - Stroud Green",11758,69.9,24.6,22.9,5.5,10.1,0.6,83.45,16.2782786188127,6.9,25.9,31.3,9
"323"," 00AP","00APGE","Haringey - Fortis Green",12488,71.2,24.6,11.2,3.5,9.2,0.9,84.4,21.2764253683536,11,20.1,27.5,8.3
"324"," 00BF","00BFGH","Sutton - Cheam",10285,45.3,24.7,2.5,1.9,14.6,1.5,82.65,19.8249878463782,19.7,21.2,18.6,3.3
"325"," 00BC","00BCGH","Redbridge - Fullwell",12910,76.8,24.9,14.9,6.1,23.4,1.2,81,21.5491866769946,15.6,48.5,29.6,8
"326"," 00AY","00AYGK","Lambeth - Oval",15106,146.2,24.9,34.8,6,13,0.4,78.45,13.9944392956441,7.2,36.9,42.6,15
"327"," 00AN","00ANGN","Hammersmith and Fulham - Sands End",12760,73.8,25,33.9,4.2,12.8,0.6,80,NA,NA,NA,NA,NA
"328"," 00AK","00AKHH","Enfield - Winchmore Hill",13403,54.1,25.2,6.4,3.9,15.4,1.2,80,18.4212489741103,14.9,23.8,27,8.1
"329"," 00AF","00AFGX","Bromley - Penge and Cator",17326,97.7,25.2,29.8,7.4,17,0.8,78.05,NA,NA,NA,NA,NA
"330"," 00AP","00APGB","Haringey - Bounds Green",13725,92.6,25.3,28.4,8.5,17.3,0.6,77.9,18.6739526411658,9.2,39.8,48.5,21.5
"331"," 00AJ","00AJGQ","Ealing - Northfield",13517,49,25.6,6.7,2.6,8.7,0.9,84.7,18.8281423392765,11,23.2,36.2,11.1
"332"," 00AZ","00AZGN","Lewisham - Ladywell",14515,90.7,25.6,23.6,6.1,12.8,0.7,76.85,18.3258697898725,8.9,45.4,35.4,9.4
"333"," 00AY","00AYGF","Lambeth - Gipsy Hill",13712,94.3,25.7,NA,NA,NA,NA,80.1,22.4912485414236,8.1,44.9,30.6,7.7
"334"," 00AD","00ADGW","Bexley - Sidcup",10844,53.1,25.8,6.7,2,19.1,1.2,77.6,15.8151973441534,20,10.1,10.6,2.2
"335"," 00AR","00ARGM","Havering - Hylands",12952,61.9,26,7.2,3.2,23.7,1.4,81.15,17.6343421865349,16.2,9.7,7.9,1.7
"336"," 00BF","00BFGK","Sutton - St. Helier",11949,75.5,26,40.5,7.5,27.3,1,78.45,NA,NA,NA,NA,NA
"337"," 00AJ","00AJGK","Ealing - Greenford Broadway",17625,113.5,26.2,23.4,7.6,21.9,0.9,79.3,23.4439716312057,11,57.3,48.6,22.2
"338"," 00AS","00ASHA","Hillingdon - Uxbridge South",13979,123,26.2,22.2,3.9,14.1,1,78.45,13.2627512697618,9.6,37.9,30.9,10
"339"," 00AF","00AFGW","Bromley - Orpington",15311,77.6,26.3,15.8,4.8,22.3,1.2,81.85,19.1626934883417,21.2,12.6,11.9,2.3
"340"," 00AD","00ADGL","Bexley - East Wickham",10858,45.3,26.5,12.6,4.6,26.4,1.2,81.5,18.9169276109781,18,16.9,13.4,3.2
"341"," 00AM","00AMGR","Hackney - Springfield",12378,64.6,26.5,47,10.8,31.7,0.4,82.2,33.1879140410406,6.9,44.9,39.4,18.2
"342"," 00AX","00AXFZ","Kingston upon Thames - Beverley",10109,74.5,26.5,11.5,2.9,15.2,1,78.4,20.6647541794441,12.9,32.6,32.4,13.3
"343"," 00AY","00AYGQ","Lambeth - Streatham South",14336,69.7,26.6,15.5,7.6,17,0.8,82.9,20.6682477678571,10.9,52.5,44.5,15.8
"344"," 00BB","00BBGQ","Newham - Manor Park",15318,83.3,26.6,22.5,10.9,20.7,0.7,77.4,23.5082908995952,7.1,81.5,56.2,27.6
"345"," 00BB","00BBGE","Newham - Canning Town South",15996,86.2,26.6,36,9.2,22.6,0.5,80.2,21.0865216304076,7.1,54.5,47.5,19.9
"346"," 00AE","00AEGM","Brent - Dollis Hill",13425,94.9,26.6,22.1,8,24.4,0.9,83.65,25.0651769087523,11.3,64.3,54.5,22
"347"," 00AT","00ATGC","Hounslow - Cranford",12330,105,26.6,29.1,6,20.2,1,82.6,21.3787510137875,10.1,73.9,56.2,26.5
"348"," 00BD","00BDGK","Richmond upon Thames - South Twickenham",9987,41.4,26.7,6.6,1.3,6.4,1.1,84.75,18.4740162210874,10.3,9.7,18.8,4
"349"," 00AJ","00AJGM","Ealing - Hanger Hill",15561,73.2,26.7,4.7,3.3,9.2,1,85.7,18.9705031810295,12.8,43.1,53.1,23.8
"350"," 00AP","00APGU","Haringey - Woodside",14514,99.2,26.8,23.2,9.2,20,0.6,79.2,19.1883698498002,8.5,43.2,54.2,25.6
"351"," 00BJ","00BJGM","Wandsworth - St. Mary's Park",16556,89.3,26.9,21.8,4.8,11.4,0.7,74.35,NA,NA,NA,NA,NA
"352"," 00AS","00ASGW","Hillingdon - Pinkwell",14767,97.8,26.9,20.4,6,22,1.2,80.35,26.3357486286991,8.6,68.2,45.3,18.5
"353"," 00BF","00BFGN","Sutton - Sutton North",10355,49.9,27,11.1,3.8,21.6,1.1,79.9,20.1352003862868,16.5,21.9,21.1,6.1
"354"," 00BD","00BDGD","Richmond upon Thames - Heathfield",10313,59,27,21.2,3.8,20.4,1.2,81.25,20.1687190924076,14.8,30.4,26.6,8.7
"355"," 00BF","00BFGF","Sutton - Carshalton Central",10039,60,27,7,3.3,15.4,1.2,84.15,19.0656439884451,13.7,13.7,15,3.7
"356"," 00AK","00AKGU","Enfield - Haselbury",16263,72.3,27,19.5,11,27.2,0.8,82.2,25.4196642685851,9.3,54.3,46,22.1
"357"," 00AG","00AGGT","Camden - Regent's Park",13528,182.8,27,48,6.7,17.5,0.4,79.3,15.9151389710231,9.6,44.3,45.2,15.6
"358"," 00AT","00ATGJ","Hounslow - Heston East",12319,83.7,27.1,15.7,4.6,16.1,1.2,85.9,20.3831479827908,10.5,77.4,56.5,26.1
"359"," 00BH","00BHGM","Waltham Forest - Leyton",14184,104.6,27.1,34.5,12.5,21.1,0.6,79.85,24.2808798646362,7.4,63.5,48.8,20.8
"360"," 00AK","00AKHC","Enfield - Southgate",14454,59.3,27.2,7.4,4.6,16.1,1.1,83.25,18.8390756883908,14.1,31.6,33.2,11.7
"361"," 00BK","00BKGL","Westminster - Maida Vale",10210,76.6,27.2,24.5,4.6,13.2,0.5,88.2,17.8844270323213,9.2,37.6,49,15.2
"362"," 00BB","00BBGX","Newham - West Ham",15551,78.6,27.2,40.9,10.9,20.9,0.5,79.05,21.5998971127259,7,65.5,51.2,22.1
"363"," 00AK","00AKGT","Enfield - Grange",12709,70.2,27.4,3.4,3.1,16.1,1.3,84.3,17.6095680226611,18.8,19.6,22.1,6.4
"364"," 00AX","00AXGB","Kingston upon Thames - Chessington North and Hook",8741,49.8,27.5,14.8,2.8,21.9,1.3,83.2,NA,NA,NA,NA,NA
"365"," 00AM","00AMGK","Hackney - Hoxton",15174,103.8,27.6,54.3,9.4,17.7,0.3,80.95,15.8626598128377,6.2,46.5,44.8,16.6
"366"," 00AS","00ASGG","Hillingdon - Barnhill",13449,96.8,27.8,19.2,5.8,22.4,1.2,79.05,24.3215108930032,9.6,68.4,45.4,19
"367"," 00AP","00APGT","Haringey - White Hart Lane",13431,97.8,27.8,48.7,14.4,30,0.6,76.6,27.4067455885638,8.4,52.5,44.6,19.2
"368"," 00AY","00AYGB","Lambeth - Clapham Common",12852,91.7,27.9,23.7,3.8,8.3,0.7,79.95,15.6084656084656,6.8,24.3,33.5,7.6
"369"," 00AZ","00AZGX","Lewisham - Whitefoot",14249,95.8,27.9,34.5,8.8,25.9,0.8,80.1,25.791283598849,11.3,50.5,29.5,6.8
"370"," 00AW","00AWGA","Kensington and Chelsea - Campden",8178,136.8,27.9,7,1.5,4.5,0.7,83.6,NA,NA,NA,NA,NA
"371"," 00AC","00ACFX","Barnet - Brunswick Park",16394,55.9,28,9,4,17.4,1.3,83.5,20.6233988044406,14.4,31.6,30.9,10.2
"372"," 00AM","00AMGP","Hackney - New River",12551,75.2,28,44.5,8.5,29,0.4,81.35,28.8821607840013,7.7,39.3,40.2,19.4
"373"," 00AX","00AXGJ","Kingston upon Thames - St. James",8969,41.6,28.2,9.3,2.3,15.9,1.3,81.5,NA,NA,NA,NA,NA
"374"," 00BD","00BDGB","Richmond upon Thames - Hampton North",9387,64.2,28.2,22.5,2.9,17.6,1.2,84,19.250026632577,15.7,16.3,20.1,5.4
"375"," 00AL","00ALGZ","Greenwich - Kidbrooke with Hornfair",14300,72.7,28.2,32.1,6.8,23.7,0.9,80.15,20.3216783216783,11.9,33.6,27.3,7.6
"376"," 00AM","00AMGA","Hackney - Brownswood",11091,79.1,28.2,32,6,14.1,0.4,80.9,14.4351275809215,6.2,38.2,42.7,18.6
"377"," 00AW","00AWGH","Kensington and Chelsea - Holland",9767,93.2,28.2,11.9,3.1,7,0.7,88.25,NA,NA,NA,NA,NA
"378"," 00AW","00AWGN","Kensington and Chelsea - Redcliffe",9245,84.8,28.4,10.4,2.6,5.2,0.6,85.4,NA,NA,NA,NA,NA
"379"," 00BA","00BAGS","Merton - Wimbledon Park",11197,54.6,28.5,8.3,2,7.8,1,85.4,21.2021077074216,8.2,20.4,32.9,8.4
"380"," 00AQ","00AQGL","Harrow - Pinner",10026,56.7,28.6,14.6,2.8,14.7,1.3,82.8,18.1129064432476,19.8,38,31.7,7.5
"381"," 00BH","00BHGP","Waltham Forest - Markhouse",13636,105.4,29,24.4,11.3,20.8,0.6,76.95,23.166617776474,7.8,58.2,45.8,19
"382"," 00AP","00APGR","Haringey - Tottenham Hale",15064,133.3,29,39.2,11.8,24.7,0.5,77,23.6457780138078,7.8,57.4,53.5,22.3
"383"," 00AW","00AWGD","Kensington and Chelsea - Cremorne",7964,89.4,29.2,43.4,4.8,15.4,0.5,86.45,NA,NA,NA,NA,NA
"384"," 00AK","00AKHB","Enfield - Southbury",14506,103.3,29.3,24,8.1,24.6,0.9,80.45,24.9827657521026,9.5,36.2,30.2,12
"385"," 00AM","00AMGU","Hackney - Wick",11734,95.9,29.5,53.8,12.2,22.8,0.5,78.8,22.3197545594,7.9,51.6,35.1,10.9
"386"," 00AK","00AKGM","Enfield - Bush Hill Park",13923,53.7,29.6,5.2,4.1,20.4,1.3,81.8,18.0205415499533,17.2,26.8,25.7,7.7
"387"," 00BC","00BCGN","Redbridge - Monkhams",10422,56.3,29.9,4.4,1.9,15,1.4,81.7,16.9737094607561,20.7,21.1,18.8,3.8
"388"," 00AD","00ADGQ","Bexley - Longlands",10442,40.7,30,13.2,2.8,20.9,1.2,80.45,16.2995594713656,21.7,9.4,9.9,2.1
"389"," 00BK","00BKGS","Westminster - Vincent Square",9988,92.5,30,34.5,4.3,11.7,0.4,85.35,14.4873848618342,12.6,29.3,44.6,17
"390"," 00BC","00BCGR","Redbridge - Seven Kings",15164,96.4,30,8.2,8,18.4,1,78.85,24.2152466367713,9.2,76.7,47.6,19.3
"391"," 00BE","00BEGK","Southwark - Faraday",12839,108.6,30,68.4,10.3,21.8,0.4,80.9,23.2416854895241,7,60.7,45.9,14.6
"392"," 00AZ","00AZGJ","Lewisham - Downham",14567,90.4,30.1,40.9,9.9,30.2,0.7,78.05,24.7065284547264,12.7,41.7,24.8,6.2
"393"," 00AB","00ABGG","Barking and Dagenham - Longbridge",11478,91.9,30.3,13.1,5.6,22.7,1.1,79.45,NA,NA,NA,NA,NA
"394"," 00BG","00BGFZ","Tower Hamlets - Bow East",14781,113.1,30.3,42.8,10.5,21.4,0.4,76.05,17.4616061159597,7.4,39.9,30.9,10.9
"395"," 00AL","00ALGW","Greenwich - Eltham West",10399,61.6,30.5,44.1,6.2,30.8,0.9,77.95,21.9924992787768,12.3,24.6,21.3,6.4
"396"," 00AK","00AKHF","Enfield - Turkey Street",14377,74.6,30.5,26.3,9.5,30.2,1,78.8,25.5129721082284,11.5,37.9,31,14.1
"397"," 00BC","00BCGJ","Redbridge - Goodmayes",13069,93.8,30.6,8.5,8.4,18.1,1,81.55,24.0875353890887,8,75.2,46.3,18.5
"398"," 00BB","00BBGF","Newham - Custom House",13411,136,30.6,41.4,9.5,25.3,0.7,75.55,24.0548803221236,6.6,53.5,46.9,19.6
"399"," 00BK","00BKGQ","Westminster - St. James's",10828,1658,30.7,28,6.1,10.7,0.4,83.4,NA,NA,NA,NA,NA
"400"," 00AS","00ASGY","Hillingdon - Townfield",14106,147.8,30.8,30.1,7.9,24.7,1,77.1,23.1958032043102,9.8,62.9,44.7,18.1
"401"," 00BB","00BBGB","Newham - Beckton",15141,121.2,30.9,36.5,6.5,19.2,0.7,82.25,21.9932633247474,4.8,54.2,49.7,23.5
"402"," 00AQ","00AQGE","Harrow - Hatch End",10693,50.8,31.1,8.5,2.4,15.4,1.4,83.15,18.6851211072664,19.8,43.3,33,9.1
"403"," 00AR","00ARGF","Havering - Emerson Park",11977,46.7,31.2,3.9,2.5,23.1,1.6,80,16.3062536528346,21.3,17.7,11.4,1.7
"404"," 00AP","00APGJ","Haringey - Muswell Hill",10784,81,31.2,9.4,3,8.3,0.9,79.45,17.8783382789318,12.1,16.2,26.1,7
"405"," 00AH","00AHGR","Croydon - New Addington",10801,87.4,31.2,42.2,7.9,34.8,1,77.45,25.8031663734839,12.7,23.7,13.9,3
"406"," 00BH","00BHFZ","Waltham Forest - Chapel End",14086,95.7,31.2,15.7,8.2,18.7,0.9,81.25,24.116143688769,8,48.5,36.9,14.1
"407"," 00BH","00BHGK","Waltham Forest - Larkswood",11337,85.8,31.4,17.4,6.6,26.2,1.1,80.55,19.978830378407,15.3,31.2,21.8,6.3
"408"," 00AS","00ASGP","Hillingdon - Heathrow Villages",12199,308,31.4,14.8,3.7,19.2,1.1,79.3,20.8213788015411,9.4,50,43.2,17.1
"409"," 00AL","00ALGR","Greenwich - Charlton",14385,66.2,31.6,41.1,7.4,20.8,0.7,77,21.8143899895725,10.7,36.2,31,9.4
"410"," 00AE","00AEGK","Brent - Barnhill",15772,83.4,31.6,26.6,6.7,18.1,1,81.15,20.8787725082425,12.3,69.7,56.5,22.9
"411"," 00AY","00AYFZ","Lambeth - Bishop's",9675,311.9,31.6,41.8,6.9,14.5,0.4,81,11.4521963824289,8.7,42,43,13.7
"412"," 00BJ","00BJGT","Wandsworth - West Hill",16402,43.9,31.9,23.6,4.7,14.3,0.8,77.05,18.8452627728326,9.5,31.7,43.5,13.5
"413"," 00AE","00AEGW","Brent - Northwick Park",12811,68.6,32,16.2,3.1,13.4,1.3,81.15,16.6887830770432,13.2,68.8,53.3,19.8
"414"," 00AS","00ASHB","Hillingdon - West Drayton",14370,81.8,32,26.4,5.3,24.3,1.1,78.6,22.7557411273486,11.5,33.5,27.6,9.2
"415"," 00AC","00ACGS","Barnet - West Hendon",17402,120.5,32,16.8,5,17.8,0.9,81.25,19.8080680381565,11.4,50.6,53.6,24.7
"416"," 00AR","00ARGN","Havering - Mawneys",12915,59.9,32.1,11.4,5,29.6,1.2,84.7,19.4192799070848,18.1,11.5,9.3,2.5
"417"," 00AS","00ASGH","Hillingdon - Botwell",15034,111,32.2,25.2,7.6,24,1.1,78.8,24.9634162564853,9.1,60.2,42.7,17.9
"418"," 00BA","00BAGR","Merton - West Barnes",9862,57.7,32.3,5.2,2.4,13.9,1.1,82.65,20.4421009937132,13.4,30,33.7,9.3
"419"," 00BK","00BKGR","Westminster - Tachbrook",8158,51.1,32.4,29.3,2.7,12.5,0.4,82.65,10.7501838685952,15.4,21.8,41.1,15.1
"420"," 00AR","00ARGP","Havering - Pettits",12955,55.9,32.4,5.4,3.2,25.7,1.4,82.45,17.0204554226168,20.8,8.7,7.4,1.7
"421"," 00AF","00AFHB","Bromley - West Wickham",14884,40.8,32.6,4.4,2.2,15.2,1.4,82.8,19.8535339962376,19.7,10.6,9.7,1.3
"422"," 00AL","00ALGX","Greenwich - Glyndon",18171,65.6,32.6,41.4,10.5,21.4,0.6,75.3,22.8606020582246,7.1,55,42.2,13.8
"423"," 00AH","00AHHC","Croydon - Waddon",17077,93.8,32.6,25.5,6.8,19.1,0.8,77.45,22.2755753352462,11,44.6,30.1,8.9
"424"," 00BD","00BDFY","Richmond upon Thames - Fulwell and Hampton Hill",10131,38.8,32.7,8,1.9,10.8,1.1,79.55,NA,NA,NA,NA,NA
"425"," 00AX","00AXGM","Kingston upon Thames - Tolworth and Hook Rise",9833,61.4,33.1,10.7,2.7,18.4,1.2,85,NA,NA,NA,NA,NA
"426"," 00AD","00ADGB","Bexley - Belvedere",11890,67.6,33.2,16.1,6.1,23.7,1,80.2,22.3549201009251,12.7,28.4,20.4,5.1
"427"," 00AK","00AKGQ","Enfield - Edmonton Green",17949,147.7,33.2,43.1,19.6,30.5,0.6,77.2,27.9737032703772,8.4,60.6,46.8,21.4
"428"," 00AS","00ASGU","Hillingdon - Northwood Hills",11578,59.7,33.3,15.5,2.6,16.6,1.3,82.45,18.863361547763,17.5,33.3,27.9,7.1
"429"," 00AH","00AHHE","Croydon - Woodside",16743,78.6,33.3,19.8,8.4,17.1,0.8,79.95,24.3863106970077,7.9,55.1,28.4,6.3
"430"," 00AS","00ASHD","Hillingdon - Yeading",13586,100.8,33.3,21.8,6,19.8,1.1,80.4,25.813337258943,7.6,64.1,42.7,17.4
"431"," 00AS","00ASGM","Hillingdon - Eastcote and East Ruislip",12142,52.5,33.4,7.2,2,13.6,1.5,83.95,NA,NA,NA,NA,NA
"432"," 00BC","00BCGF","Redbridge - Cranbrook",12780,81.7,33.4,5.3,5.1,17.6,1.2,80.25,20.5242566510172,12.9,75.4,44.5,15.1
"433"," 00BG","00BGGF","Tower Hamlets - Mile End East",13354,113.9,33.4,52.9,14.8,23.3,0.4,76.05,23.8954620338475,5.7,66,43.5,20
"434"," 00AM","00AMGN","Hackney - Lordship",12280,61.9,33.6,37,7.1,24.2,0.5,79.95,27.4511400651466,8.4,30.5,31.4,13.1
"435"," 00BJ","00BJGR","Wandsworth - Tooting",16239,97,33.7,18,5.7,14.4,0.6,77.85,17.9075066198658,9,52.7,45.4,15.2
"436"," 00AL","00ALHB","Greenwich - Peninsula",14051,167.4,33.7,30.6,4.1,15,0.6,79.85,16.9240623443171,8.3,30.6,33,10.4
"437"," 00BE","00BEGZ","Southwark - Village",12402,83.3,33.8,15.5,2.8,9.4,1,79.75,23.7381067569747,10.9,20.1,22,3.5
"438"," 00AM","00AMGH","Hackney - Hackney Downs",12921,90.8,33.8,43.1,11.6,19.3,0.4,79.1,18.8839873074839,7.2,51.7,39.5,15.5
"439"," 00BB","00BBGW","Newham - Wall End",14846,63.7,33.9,17.7,8.4,19.6,0.7,79.45,25.239121648929,6.5,82.2,59.8,29.7
"440"," 00BJ","00BJGJ","Wandsworth - Northcote",14940,112.9,34,13.6,2.3,6.7,0.8,80.6,19.0361445783133,6,14.9,28.9,5.7
"441"," 00BE","00BEGT","Southwark - Rotherhithe",13743,107.2,34.1,45.6,5.8,17.5,0.5,77.75,17.2378665502438,7.4,40.9,43.4,15.2
"442"," 00AE","00AEHD","Brent - Welsh Harp",13753,85.3,34.2,19.2,7.7,22.6,0.9,84.85,21.3480695121064,11.4,61.3,55,22.9
"443"," 00AJ","00AJGJ","Ealing - Elthorne",14539,103.8,34.2,20.2,5.9,15.1,0.8,80.15,19.6987413164592,9.7,34.9,40.6,16.9
"444"," 00BA","00BAGH","Merton - Lower Morden",9090,36.5,34.3,4.1,3.1,20.9,1.3,83.35,19.1859185918592,15.2,21.9,22.1,5.9
"445"," 00BH","00BHGS","Waltham Forest - Wood Street",13368,89.4,34.4,30.9,9.8,20.8,0.7,79.25,23.3019150209455,9.2,50.4,38.7,14.4
"446"," 00AJ","00AJGS","Ealing - Northolt Mandeville",15183,95.4,34.4,24.2,7.8,21.5,0.9,81.3,23.5065533820721,10.7,51.7,44.1,19.5
"447"," 00AX","00AXGG","Kingston upon Thames - Norbiton",10107,71.6,34.5,31.2,4.9,17.7,0.8,77.2,18.7691698822598,9.1,31,34.1,13.6
"448"," 00BJ","00BJGQ","Wandsworth - Thamesfield",14842,104.9,34.5,7.5,1.3,6.3,0.8,82.15,15.1731572564344,8.8,12.3,31.4,5.8
"449"," 00AS","00ASGZ","Hillingdon - Uxbridge North",12048,106.1,34.5,12.7,2.9,16.8,1.3,80.1,17.886786188579,15.9,30.2,23.4,5.9
"450"," 00AE","00AEHB","Brent - Sudbury",14950,82.5,34.6,15,6.1,18.1,0.9,82.65,20.6622073578595,10.5,77.3,62.2,28.4
"451"," 00AZ","00AZGE","Lewisham - Blackheath",14039,106.9,34.6,28.8,4.7,13.2,0.7,79.9,18.3845003205357,10.9,30.2,29.3,7.4
"452"," 00AW","00AWGF","Kensington and Chelsea - Golborne",8937,129,34.6,67.8,12.1,22.5,0.4,85.9,NA,NA,NA,NA,NA
"453"," 00AJ","00AJGD","Ealing - Cleveland",14558,52.3,34.8,21.5,5.6,13.1,0.9,81.35,21.7062783349361,11.9,36.9,39.6,15.1
"454"," 00AC","00ACGC","Barnet - East Barnet",16137,59,34.9,9.8,4.3,17.1,1.2,82.5,20.7225630538514,13.7,23.4,23.4,7.2
"455"," 00AL","00ALHG","Greenwich - Woolwich Riverside",19120,137.4,34.9,50,10.4,19.9,0.5,77,23.6297071129707,6.2,49,39.4,13.3
"456"," 00BG","00BGGG","Tower Hamlets - Millwall",23084,86.5,35,20.6,5.1,11.4,0.5,89.3,15.5605614278288,3.5,47.6,52.1,23.4
"457"," 00AT","00ATGB","Hounslow - Chiswick Riverside",11543,72.1,35.2,18.5,2.9,9.2,1,83.8,18.7559559906437,11.8,19.1,30.3,8.9
"458"," 00BC","00BCGQ","Redbridge - Roding",12044,69.1,35.7,15.9,5,15.9,1.1,82.05,22.7499169711059,10.3,37.2,28.2,8.7
"459"," 00AD","00ADGA","Bexley - Barnehurst",10418,41.8,35.8,10.7,3.5,23.1,1.3,82.2,18.9671722019581,18.2,9.8,8,1.3
"460"," 00BC","00BCGA","Redbridge - Bridge",11658,62.8,36,13.8,4.5,19.9,1.1,81.5,20.0291645222165,13.4,28.1,21.6,6.7
"461"," 00AJ","00AJGN","Ealing - Hobbayne",14229,65.4,36.1,25.2,5.6,18.2,0.9,81.75,22.6017288635884,11.3,37.7,40.7,17.2
"462"," 00AD","00ADGK","Bexley - Danson Park",10864,59.1,36.3,8.9,3.3,23,1.2,82.05,18.5014727540501,17.5,16.2,13.2,3.1
"463"," 00AT","00ATGD","Hounslow - Feltham North",11563,110.8,36.4,22.3,4.6,26.1,1.1,75.4,19.9688662111909,13.6,38.9,35.7,14.1
"464"," 00BA","00BAGG","Merton - Longthornton",10024,58.1,36.6,10.6,6,19.1,1,81.1,21.6380686352753,10.8,58.2,42,14.5
"465"," 00AE","00AEHF","Brent - Willesden Green",15587,127.5,36.8,26.8,8.9,18.5,0.5,83.15,19.1634054019375,7.6,52.7,56.3,25.9
"466"," 00AD","00ADGP","Bexley - Lesnes Abbey",11346,57.2,36.9,21,5.3,23.8,1.1,81.95,20.9236735413362,15.6,31,23.3,5
"467"," 00AL","00ALHA","Greenwich - Middle Park and Sutcliffe",13505,72.5,37,37.3,7.9,25.5,0.9,80.75,NA,NA,NA,NA,NA
"468"," 00BG","00BGGJ","Tower Hamlets - St. Katherine's and Wapping",12411,100.6,37,20.3,4.3,12.3,0.6,77.6,NA,NA,NA,NA,NA
"469"," 00BH","00BHGF","Waltham Forest - Hatch Lane",11058,77.2,37.7,24.7,7,26.2,1.1,80.75,20.2930005425936,16.1,22.2,16.5,4.4
"470"," 00AC","00ACGD","Barnet - East Finchley",15989,69.4,37.8,22.2,4.2,14.1,0.8,82.1,18.869222590531,13,28.2,34.4,10.4
"471"," 00BD","00BDGM","Richmond upon Thames - Twickenham Riverside",10396,75.8,37.8,6.2,1.5,6.2,0.9,79.7,17.1315890727203,12.4,10.3,26.8,7.2
"472"," 00BA","00BAGL","Merton - Ravensbury",9968,75.9,37.8,25.1,6.8,23.7,0.9,79.7,21.2479935794543,13.5,38.9,36,13.1
"473"," 00AY","00AYGG","Lambeth - Herne Hill",15107,133.6,37.9,31.8,8.5,12.2,0.5,78.55,18.3689680280665,7.2,39.6,35.3,10.8
"474"," 00AP","00APGS","Haringey - West Green",13372,94.7,38.2,36,12,23.9,0.5,80.9,19.7427460364942,9.5,47.8,54.6,25.9
"475"," 00AJ","00AJGW","Ealing - Perivale",15339,89,38.3,8.5,5,17.4,1.1,84.8,20.1251711324076,11,54.6,55.4,26.7
"476"," 00AB","00ABGF","Barking and Dagenham - Heath",10786,109.4,38.4,45.3,12.2,32.1,0.7,77.2,NA,NA,NA,NA,NA
"477"," 00BJ","00BJGK","Wandsworth - Queenstown",16331,83.2,38.5,30.7,4.6,11.9,0.5,80.75,14.1877411058723,7.8,35.7,42.4,15.4
"478"," 00BF","00BFGD","Sutton - Beddington South",10667,61.1,39.1,35.9,6.2,21,1.3,80.3,22.0399362519921,13.9,28.8,20.1,4.2
"479"," 00AT","00ATGK","Hounslow - Heston West",12438,126.4,39.1,33.7,7,21.8,1.1,81.1,22.969930857051,10.3,76.2,51.1,23.9
"480"," 00AE","00AEGP","Brent - Fryent",13445,78.7,39.3,13.9,5.1,20.3,1.1,86.2,20.8627742655262,11.8,62.7,55.9,21.9
"481"," 00AL","00ALHF","Greenwich - Woolwich Common",17499,105.3,39.4,50,13.4,21.8,0.6,79.65,26.9101091490942,5.9,57.6,41.8,13.6
"482"," 00AH","00AHGQ","Croydon - Kenley",14966,39.8,39.6,11.4,4,14.6,1.3,79.35,20.7603902178271,14.9,23.2,17.9,3
"483"," 00AK","00AKGS","Enfield - Enfield Lock",16469,70.7,39.6,22.7,11,26.5,0.9,77.75,27.2876313073046,8.2,45.1,33.8,14
"484"," 00BH","00BHGL","Waltham Forest - Lea Bridge",15671,127.3,40.1,18.4,11.9,23,0.6,75.45,23.8912641184353,8.4,64.8,50.4,21.2
"485"," 00AC","00ACGB","Barnet - Coppetts",17250,85.4,40.3,13.4,4.9,15,1,78.9,19.7101449275362,10.3,35,36.1,13.6
"486"," 00BE","00BEGX","Southwark - Surrey Docks",13435,85.7,40.3,23.9,3.7,11.8,0.6,84.2,12.1697059918124,5.7,30.9,42.7,15.4
"487"," 00BH","00BHGC","Waltham Forest - Forest",12609,118.8,40.4,13.6,7.4,19.3,0.8,79.3,19.3591878816718,9.3,58.7,45.7,18.4
"488"," 00AF","00AFGZ","Bromley - Plaistow and Sundridge",15122,59.5,40.5,17.4,4.7,18.6,1,79.5,NA,NA,NA,NA,NA
"489"," 00BF","00BFGU","Sutton - Wandle Valley",11630,69.2,40.5,33.6,6.6,23.7,1,80.95,24.067067927773,9,24.8,19.8,5.7
"490"," 00AS","00ASGJ","Hillingdon - Brunel",13841,90.4,40.5,22,3.3,17.6,1.1,80.8,15.5263348023987,11.1,38.2,29.3,9.8
"491"," 00AK","00AKGY","Enfield - Lower Edmonton",16531,71.9,40.6,27.4,11.5,28.5,0.7,77.75,27.4514548424173,9.2,58.9,46.1,19.5
"492"," 00AK","00AKGR","Enfield - Enfield Highway",16027,87.8,40.6,24.4,9.6,30.1,1,82.15,26.2556935171897,10.3,42.2,34.3,14.5
"493"," 00AL","00ALHC","Greenwich - Plumstead",16736,98.1,41,27.3,11,21.6,0.7,78.65,23.3568355640535,8.6,55.4,41.7,14.6
"494"," 00AS","00ASHE","Hillingdon - Yiewsley",12979,117.7,41.3,27.3,5.5,23.7,1,78,22.3437861160336,9.3,33.8,27.7,10
"495"," 00BH","00BHGE","Waltham Forest - Hale End and Highams Park",11355,74.8,41.4,18.8,6.8,20,1.1,82.25,NA,NA,NA,NA,NA
"496"," 00AT","00ATGE","Hounslow - Feltham West",15541,92.2,41.4,27.2,4.5,20.5,1,79.9,24.9919567595393,6.3,35.5,32.3,14.2
"497"," 00AT","00ATGG","Hounslow - Hanworth Park",11408,99.1,41.4,21.3,3.8,23.4,1.1,80.05,20.4680925666199,12,30.8,28.5,10.9
"498"," 00BA","00BAGN","Merton - St. Helier",10414,66.5,41.6,31,6.2,23.7,0.9,80.1,NA,NA,NA,NA,NA
"499"," 00BD","00BDGF","Richmond upon Thames - Mortlake and Barnes Common",10919,60.3,41.7,16,2.3,9.8,0.9,81.65,NA,NA,NA,NA,NA
"500"," 00AX","00AXGD","Kingston upon Thames - Coombe Hill",10357,56.8,42.1,11.6,2.3,10.7,1.3,81.7,18.8181905957324,14.4,35.5,40.6,13.9
"501"," 00BG","00BGFY","Tower Hamlets - Blackwall and Cubitt Town",19461,90,42.2,28.6,6.7,14.6,0.5,80.4,NA,NA,NA,NA,NA
"502"," 00AT","00ATGA","Hounslow - Chiswick Homefields",11346,103.6,42.2,16.4,2.3,9.3,0.9,81.15,18.3324519654504,11.3,18.8,34,9.8
"503"," 00AP","00APGG","Haringey - Highgate",11632,77.9,42.4,11.1,3.3,6.4,0.8,82.45,15.3627922971114,11.7,18.9,31.5,8.2
"504"," 00AT","00ATGS","Hounslow - Syon",13554,94.2,42.5,27.4,4.1,16.4,0.9,76.2,19.1382617677438,9.5,34.2,36.7,13.5
"505"," 00BA","00BAFY","Merton - Cannon Hill",9249,40.6,42.7,5.5,2.9,17,1.2,81.65,17.7316466645043,15.8,25.4,29.6,7.7
"506"," 00AD","00ADGH","Bexley - Crayford",11226,61.3,42.7,21.8,4.7,25.3,1.1,82.45,21.6907179761268,14.6,11.7,10,1.9
"507"," 00AT","00ATFZ","Hounslow - Brentford",14353,84.3,42.9,37.7,3.9,17.2,0.8,81.2,17.9126315056086,9.9,33.9,38.3,15
"508"," 00BG","00BGGA","Tower Hamlets - Bow West",12939,145.3,43,39,8.8,20.3,0.5,77.45,19.2596027513718,7.8,40.7,32,11.3
"509"," 00AW","00AWGP","Kensington and Chelsea - Royal Hospital",7252,120,43.1,13.6,1.8,9,0.8,85.05,NA,NA,NA,NA,NA
"510"," 00AQ","00AQGC","Harrow - Harrow on the Hill",12270,65,43.4,13.8,3.4,13.3,1,82.7,20.8149959250204,11.7,52.6,44.2,15.1
"511"," 00AX","00AXFX","Kingston upon Thames - Alexandra",9246,49.2,43.5,4.9,2.1,15.8,1.4,82.6,20.8630759247242,14.8,29.8,27.2,8.2
"512"," 00AF","00AFGT","Bromley - Kelsey and Eden Park",15892,79.6,43.6,8.6,3.1,17.1,1.3,83.5,NA,NA,NA,NA,NA
"513"," 00AC","00ACGQ","Barnet - Underhill",15915,64.4,43.7,25.7,5.4,21.6,1.1,80.4,20.5717876217405,16.2,27.3,25.4,6.9
"514"," 00BE","00BEGG","Southwark - College",11812,92.9,43.7,27.2,5.8,13.6,0.8,78.7,20.4029800203183,11.7,36.6,30.7,5.3
"515"," 00AN","00ANGD","Hammersmith and Fulham - College Park and Old Oak",9175,133.2,43.8,55.9,7.9,23,0.4,78.75,NA,NA,NA,NA,NA
"516"," 00AL","00ALGP","Greenwich - Abbey Wood",15704,82.9,43.9,38.9,9,25.3,0.7,77.7,26.8530310748854,9.6,46.3,32,7.6
"517"," 00AF","00AFGU","Bromley - Mottingham and Chislehurst North",9987,91.1,44.4,31.9,7.3,26,1,78.9,NA,NA,NA,NA,NA
"518"," 00AB","00ABGL","Barking and Dagenham - Thames",10728,143.8,44.4,44.4,9.2,24.1,0.7,81.7,NA,NA,NA,NA,NA
"519"," 00AK","00AKHA","Enfield - Ponders End",15664,93,44.5,25.6,13.7,26.9,0.8,79.2,25.9001532175689,9.1,54.6,43.5,19
"520"," 00AD","00ADGM","Bexley - Erith",12053,86,44.6,20.2,6.6,23.6,1,80.55,23.6372687297768,11.7,31.4,23.1,5.6
"521"," 00AS","00ASGL","Hillingdon - Charville",12622,69.4,44.9,9.7,4.2,21.6,1.3,83.8,22.8014577721439,12.5,43.9,30.1,9.7
"522"," 00AR","00ARGC","Havering - Brooklands",14957,76.8,44.9,17.4,5,24.9,1,75.75,21.0670589021863,13.5,22.3,17.4,4.4
"523"," 00AR","00ARGT","Havering - South Hornchurch",13544,87.6,45,19.8,7.3,31.4,1.2,79.35,21.0351447135263,16.6,16.4,11.8,2.5
"524"," 00AR","00ARGL","Havering - Heaton",12570,72.6,45.3,37.1,8.8,35.8,1,78.85,21.9252187748608,16.8,16.3,13,2.5
"525"," 00AT","00ATGF","Hounslow - Hanworth",12155,84.9,45.3,38.6,6.7,26.4,1,82.3,24.2040312628548,11,32.4,28.9,11.3
"526"," 00AP","00APGF","Haringey - Harringay",13272,108.9,45.4,13.9,9.3,14,0.5,80.1,14.7679324894515,7.5,34.5,49.2,24.3
"527"," 00BD","00BDGN","Richmond upon Thames - West Twickenham",10528,48.8,45.6,11.5,2.1,13.4,1.1,81.3,21.7895136778116,11.7,16,21.1,4.4
"528"," 00BE","00BEGR","Southwark - Peckham Rye",13518,62.3,45.7,25.3,5.8,13.8,0.7,78.4,20.2914632342062,8,35.8,28.8,5.9
"529"," 00AQ","00AQGS","Harrow - Stanmore Park",11229,62.5,45.8,15,3.2,19.7,1.4,80.65,17.3479383738534,22.4,43.3,34.5,8.8
"530"," 00AB","00ABGH","Barking and Dagenham - Mayesbrook",10342,83.4,45.8,38.6,9.6,32.1,0.8,79.4,NA,NA,NA,NA,NA
"531"," 00AZ","00AZGD","Lewisham - Bellingham",14775,103.1,46.7,44,9.5,25.4,0.7,77.15,25.1573604060914,10.2,51.3,29.6,6.2
"532"," 00AD","00ADGT","Bexley - St. Mary's",10491,41.7,46.8,4.1,2.1,18.9,1.4,86.65,NA,NA,NA,NA,NA
"533"," 00AJ","00AJGE","Ealing - Dormers Wells",13910,80.6,47.3,28.4,8.9,23.5,1,79.65,22.3939611790079,11.6,82.1,56,29.1
"534"," 00BD","00BDGJ","Richmond upon Thames - South Richmond",10820,123.3,47.3,13.9,2,7.1,0.9,81.15,16.5526802218115,14,13.1,33,8.5
"535"," 00AJ","00AJGU","Ealing - Norwood Green",14032,124.6,47.6,34.7,10.1,21.8,1.1,79.05,20.6242873432155,10.7,78,50.7,25.6
"536"," 00BJ","00BJGA","Wandsworth - Bedford",14575,62.2,47.9,16.1,2.9,9.1,0.7,80.4,14.6415094339623,7.5,27.6,30.3,8.3
"537"," 00AC","00ACGL","Barnet - High Barnet",15307,81.9,47.9,7.7,2.9,13.1,1.2,80.25,18.4556085451101,16.5,18.3,22.1,6.3
"538"," 00AB","00ABGN","Barking and Dagenham - Village",10787,102.3,48,39.9,11.9,30.3,0.8,78.45,NA,NA,NA,NA,NA
"539"," 00AS","00ASGQ","Hillingdon - Hillingdon East",12906,74.9,48.1,14.8,4.5,19.3,1.3,80.55,23.1132806446614,11.9,34.4,23.3,6.4
"540"," 00BJ","00BJGS","Wandsworth - Wandsworth Common",15247,60.6,48.2,12.6,2.1,11,1,78.15,18.6922017446055,8.1,17.8,25.7,4.5
"541"," 00BC","00BCGG","Redbridge - Fairlop",12630,91.7,48.2,9.7,5.2,21.2,1.2,80.65,20.8471892319873,13.1,34.9,25.1,8.2
"542"," 00AH","00AHGU","Croydon - Sanderstead",12777,39.8,48.6,6.7,2.9,15.1,1.5,83.35,19.5585818267199,18.5,19.5,13.7,1.7
"543"," 00BB","00BBGP","Newham - Little Ilford",16633,85.2,48.6,30.1,12,23.2,0.6,75.05,27.782119882162,6.7,82,54.5,27.3
"544"," 00AT","00ATGM","Hounslow - Hounslow Heath",14727,97.3,48.7,20,6,15.7,0.9,81.8,23.114008284104,7.8,72.6,58,27.7
"545"," 00AC","00ACGJ","Barnet - Hale",17437,57.6,48.8,13.6,4.1,17.8,1.2,82.5,23.1060388828354,13.4,40.6,35.7,11.7
"546"," 00AL","00ALGY","Greenwich - Greenwich West",16527,127.7,49,35.7,5.4,12.8,0.6,78.85,17.4320808374176,7.7,33.3,34.8,9.7
"547"," 00AF","00AFGP","Bromley - Crystal Palace",12255,111.5,49.3,33.2,8.2,16.9,0.6,78.75,19.2166462668299,7.8,38.1,30.3,8.3
"548"," 00AQ","00AQGF","Harrow - Headstone North",10093,38.6,49.5,4,2.5,12.9,1.4,83.35,18.1809174675518,16.4,52.6,37,9.1
"549"," 00AS","00ASHC","Hillingdon - West Ruislip",10611,67,49.5,11,2,16.3,1.3,82.85,17.8588257468665,16.8,18,18.4,3.9
"550"," 00AF","00AFGR","Bromley - Farnborough and Crofton",14632,38.8,49.7,8.8,2.2,18.1,1.3,83.1,NA,NA,NA,NA,NA
"551"," 00BD","00BDGC","Richmond upon Thames - Hampton Wick",10221,55.8,50,15.1,1.8,10,1.1,82.05,20.4383132765874,13.3,11.4,20.3,4.5
"552"," 00BA","00BAGA","Merton - Cricket Green",11474,93.2,50,36.9,10.1,24.5,0.7,82.75,23.3135785253617,10.8,47.5,39.5,14.5
"553"," 00AB","00ABGB","Barking and Dagenham - Eastbrook",10506,72.4,51.1,20,8.8,29.9,1.1,77.8,NA,NA,NA,NA,NA
"554"," 00AP","00APGA","Haringey - Alexandra",11795,101.8,52.3,9,3.4,8,1,81.35,21.6108520559559,9.9,20.5,26.8,8.5
"555"," 00AT","00ATFY","Hounslow - Bedfont",12701,94.5,52.5,26.9,5.1,24,1.1,79.1,22.2344697267932,11.2,35.7,31,12.5
"556"," 00BA","00BAGK","Merton - Pollards Hill",10287,73.5,52.8,24.1,8.4,21.7,1,82.7,24.1178186060076,10.5,56.4,35.9,9.4
"557"," 00BF","00BFGC","Sutton - Beddington North",10309,67.1,53,9,3.8,19.8,1.3,81.15,20.6906586477835,13.3,23.5,16.6,3.8
"558"," 00AJ","00AJGR","Ealing - North Greenford",14713,69.6,53.3,8.3,3.8,16.9,1.2,83.6,20.288180520628,11.4,56.4,51.4,22.1
"559"," 00AC","00ACGE","Barnet - Edgware",16728,93.7,54,15.8,4.2,17,1.2,81.85,23.3201817312291,13.8,39.2,37.4,12.1
"560"," 00BD","00BDGG","Richmond upon Thames - North Richmond",10649,72.6,54.1,16.9,2.1,10.2,0.9,84.95,18.6590290168091,13.1,15.7,28.3,6.8
"561"," 00AT","00ATGR","Hounslow - Osterley and Spring Grove",13031,93.3,54.2,6.9,3.3,10.8,1.2,82.35,NA,NA,NA,NA,NA
"562"," 00AG","00AGGL","Camden - Hampstead Town",11270,111,54.2,13.4,1.6,6.1,0.7,84.65,17.4977817213842,15.9,20,40.9,10.4
"563"," 00BD","00BDFW","Richmond upon Thames - Barnes",10299,61.4,54.4,17.9,2.1,9.1,1,83.55,20.4000388387222,14.7,14.3,32.2,8.3
"564"," 00AL","00ALGU","Greenwich - Eltham South",12541,94.6,54.6,22.4,5.5,21.5,1,81.6,16.2586715572921,15.7,16.8,17.5,4.6
"565"," 00AN","00ANGK","Hammersmith and Fulham - Palace Riverside",7483,82.6,54.7,14.2,1.8,9.9,0.9,84.95,NA,NA,NA,NA,NA
"566"," 00BH","00BHGA","Waltham Forest - Chingford Green",10287,72.7,54.9,15.4,4.9,24.2,1.1,81.05,17.663069894041,21.8,14.7,13.1,3
"567"," 00AH","00AHGX","Croydon - Selsdon and Ballards",11719,39.6,55.2,2,2.7,15.2,1.5,86.95,NA,NA,NA,NA,NA
"568"," 00AL","00ALHE","Greenwich - Thamesmead Moorings",19730,94.5,55.5,38,9.3,18.7,0.7,75.9,28.6467308667005,4.7,57.6,41.8,12.1
"569"," 00AS","00ASGR","Hillingdon - Ickenham",10387,43.5,55.7,4.4,1.6,14.6,1.6,83.65,18.638682969096,19.9,21.8,15.9,2.8
"570"," 00AR","00ARGE","Havering - Elm Park",12466,50.6,55.7,15.1,5,29.6,1.1,80.7,17.9207444248356,19.4,13.7,10.9,2.1
"571"," 00AR","00ARGD","Havering - Cranham",12528,34.7,55.9,4.8,2.7,22.2,1.3,82.65,17.2333971902937,23.5,5.6,6,1.1
"572"," 00AQ","00AQGD","Harrow - Harrow Weald",11376,65.5,56.3,15.9,4.7,19.4,1.3,83.15,19.7433192686357,17.1,48.3,36.7,10.5
"573"," 00AJ","00AJGT","Ealing - Northolt West End",15121,116.4,56.3,34.5,9.4,25.1,0.9,82.3,25.553865485087,9.8,55.1,41.5,18.6
"574"," 00AB","00ABGA","Barking and Dagenham - Chadwell Heath",10021,100.4,56.4,NA,NA,NA,NA,80.8,NA,NA,NA,NA,NA
"575"," 00BH","00BHGG","Waltham Forest - High Street",14127,209.2,56.4,19,8.3,18.3,0.6,80.05,19.5087421250088,7.6,50.7,44.4,18
"576"," 00AK","00AKGW","Enfield - Highlands",13006,40.6,56.5,7.4,3.3,18.7,1.2,86,16.9075811164078,18.5,20.8,20.9,5.4
"577"," 00BD","00BDGE","Richmond upon Thames - Kew",11436,61.6,56.6,9.9,1.7,7.5,1,83.7,20.1556488282616,13.9,15.3,30.2,7.6
"578"," 00BH","00BHGH","Waltham Forest - Higham Hill",13194,79.5,56.7,33.6,11.5,23.7,0.7,81.9,24.4808246172503,7.6,51.9,40.3,15.7
"579"," 00AH","00AHGJ","Croydon - Coulsdon East",12244,39.3,56.8,12.5,3.5,18.2,1.4,83.75,19.1849068931722,19.6,15.4,11.8,1.5
"580"," 00AL","00ALHD","Greenwich - Shooters Hill",13433,51.1,57.1,19.5,5.9,19.4,1,82.1,20.7474130871734,12.4,33.5,23.8,5.2
"581"," 00AQ","00AQFZ","Harrow - Canons",12471,52.4,57.3,10.2,2.9,17.8,1.3,84.15,18.3626012348649,19.6,48.4,40.1,12.5
"582"," 00AC","00ACGP","Barnet - Totteridge",15159,49.2,57.7,8.7,2.5,13,1.3,81.65,20.1068672075994,16.8,34.3,37.6,13.7
"583"," 00BB","00BBGT","Newham - Royal Docks",10679,91.6,57.8,30.8,5.6,14.1,0.7,81.85,21.0693885195243,4,54.1,48.3,18.1
"584"," 00AC","00ACGM","Barnet - Mill Hill",18451,82.4,59,12.8,3.8,14,1.3,83.65,22.8171914801366,13.1,36.1,34.4,10.2
"585"," 00AF","00AFGF","Bromley - Bromley Common and Keston",15113,52.8,59.3,15.7,4.3,20.5,1.3,81.7,NA,NA,NA,NA,NA
"586"," 00BC","00BCGK","Redbridge - Hainault",12953,91.1,59.8,27.3,8.4,28.9,1,80.95,23.0448544738671,14.1,29.8,22.2,7.4
"587"," 00AF","00AFGJ","Bromley - Chislehurst",14831,70.1,60,7.1,2.9,15.8,1.4,82.1,17.9826040051244,21.5,12,12.7,1.9
"588"," 00AK","00AKGX","Enfield - Jubilee",14355,61.4,60.6,15.5,9.1,28.5,1,79.7,23.7965865552072,11.9,50.9,40.8,16.9
"589"," 00AR","00ARGJ","Havering - Harold Wood",12650,72.9,60.7,16,4.8,25.8,1.2,81.2,17.4466403162055,17.4,10.1,9.4,2.5
"590"," 00AS","00ASGT","Hillingdon - Northwood",10469,57.1,61,14.2,2.3,13.3,1.3,82.65,15.8276817270035,20.9,34.8,31.8,7
"591"," 00AH","00AHGP","Croydon - Heathfield",13213,82.2,61.3,9.3,4.2,17.2,1.3,83.9,19.0494210247484,15.9,24.6,16.9,2.8
"592"," 00AD","00ADGJ","Bexley - Cray Meadows",11207,46.2,61.6,22.8,4.1,25.1,1.2,78.2,20.5139644864817,17.6,11,9.9,2.3
"593"," 00BA","00BAGQ","Merton - Village",8491,60.3,62.2,5.6,0.9,6.8,1.4,84.45,19.1025792015075,19.3,17.1,34,8.3
"594"," 00BK","00BKGP","Westminster - Regent's Park",12067,76.4,62.2,19.1,2.2,13,0.6,82.2,15.2979199469628,16.3,43.7,59.9,23.7
"595"," 00AS","00ASGX","Hillingdon - South Ruislip",12364,85,62.8,10.1,3.4,18.3,1.2,80.7,20.1957295373665,12.6,27,23.2,7.7
"596"," 00BD","00BDGL","Richmond upon Thames - Teddington",10330,56.1,64,8.5,1.5,7.7,1.1,82.65,18.9351403678606,13.6,8.9,17.8,4.1
"597"," 00BC","00BCGU","Redbridge - Wanstead",11543,85.9,64.2,14.3,3,15.2,1.1,82.1,19.3797106471455,14.5,30,22.8,5.7
"598"," 00AG","00AGGN","Camden - Highgate",10955,92.1,65.2,34.1,5.2,12.6,0.7,83.2,17.8183477863989,15.2,20.2,27.1,5.5
"599"," 00AD","00ADGR","Bexley - North End",11566,89.9,65.3,37.4,8.9,28.8,0.9,76.5,26.8026975618191,10.6,27,18.8,3.3
"600"," 00AM","00AMGL","Hackney - King's Park",11098,61.9,67.7,57.9,13.6,24.6,0.5,81.45,25.5541539016039,9.2,62,43.3,13.4
"601"," 00BF","00BFGG","Sutton - Carshalton South and Clockhouse",9715,37.1,68.2,10.6,3,15.5,1.5,81.1,NA,NA,NA,NA,NA
"602"," 00AR","00ARGG","Havering - Gooshays",14692,86.2,68.4,41.9,9.3,34.2,1,78.35,23.2371358562483,12.9,12.8,10.7,2.6
"603"," 00AK","00AKGP","Enfield - Cockfosters",13788,55.9,68.8,12,4.3,19,1.3,84.15,17.2251232956194,19,26.3,30.5,9.5
"604"," 00BK","00BKGH","Westminster - Knightsbridge and Belgravia",9270,184.9,69.1,3.9,0.4,5.7,0.9,91.65,NA,NA,NA,NA,NA
"605"," 00AF","00AFGH","Bromley - Chelsfield and Pratts Bottom",14507,32.7,69.2,4.6,2.3,16.4,1.5,84.3,NA,NA,NA,NA,NA
"606"," 00AF","00AFGS","Bromley - Hayes and Coney Hall",15906,38,69.5,3.1,2.2,15.7,1.4,83.6,NA,NA,NA,NA,NA
"607"," 00AD","00ADGX","Bexley - Thamesmead East",12094,68.5,70.5,38.4,9.7,20.8,0.8,80.85,27.1622292045642,6.8,52.7,38.1,7.6
"608"," 00BJ","00BJGL","Wandsworth - Roehampton",16132,84.7,70.6,46,8.3,18.2,0.6,77.65,18.4540044631788,10.5,34.5,38.6,15.5
"609"," 00AF","00AFGE","Bromley - Biggin Hill",9951,43.4,71.4,4.6,2.8,18.3,1.7,84.2,18.9528690583861,16.3,4.1,5.1,0.5
"610"," 00BD","00BDGA","Richmond upon Thames - Hampton",9985,56.6,74.7,13.8,1.7,12.5,1.2,83.85,19.3390085127692,15.8,11.3,16.7,4
"611"," 00AR","00ARGK","Havering - Havering Park",13000,51.8,75.3,20.6,6.4,30.4,1.3,77.15,21.2692307692308,15.9,12,9.1,1.5
"612"," 00AX","00AXGC","Kingston upon Thames - Chessington South",10232,49.4,75.7,11.7,2.1,19.1,1.4,81.65,20.6802189210321,13.5,13,14.3,3.9
"613"," 00AF","00AFGM","Bromley - Cray Valley East",15445,115.7,76.4,24.7,6.1,27.9,1,79.35,22.1819359015863,15.9,14.6,12.3,2.5
"614"," 00BD","00BDFX","Richmond upon Thames - East Sheen",10348,58.3,76.7,7.6,1.5,6.6,1.1,86.5,22.9029764205644,13.9,9.3,23.6,5.5
"615"," 00BC","00BCFY","Redbridge - Aldborough",14544,100.4,76.8,11.3,5.3,19.6,1.1,79.8,23.0060506050605,12.4,61.3,38.4,12.8
"616"," 00AR","00ARGQ","Havering - Rainham and Wennington",12482,81.8,79,8.9,5.2,29.8,1.3,79.6,NA,NA,NA,NA,NA
"617"," 00AK","00AKGN","Enfield - Chase",13762,52.5,81.5,21.3,6.5,22.4,1.1,78.8,22.1915419270455,13.2,23.4,21,7
"618"," 00BD","00BDFZ","Richmond upon Thames - Ham, Petersham & Richmond Riverside",10317,65.8,81.9,18.5,3.1,14.1,1,82.35,19.1237762915576,16.7,15.9,30.5,7.6
"619"," 00AR","00ARGW","Havering - Upminster",12833,49.5,82,1.9,31.6,19,1.4,80.85,16.7770591443934,22.5,4.8,6.1,0.9
"620"," 00AS","00ASGN","Hillingdon - Harefield",7399,67.4,85.5,24,3.2,23.8,1.4,80.3,19.2458440329774,17,12.5,13.3,3.1
"621"," 00AF","00AFGQ","Bromley - Darwin",5110,58.6,88.8,5.5,1.6,21.9,1.7,81.8,18.3170254403131,21.9,4.8,6.1,0.4
"622"," 00AZ","00AZGW","Lewisham - Telegraph Hill",16414,71.7,99.9,36.6,8.2,14.4,0.6,77.6,19.5321067381504,7,49.4,36.9,10.9
